bin_count,cutoff_ts,date,eligible,event,market_eligible_without_mos,max_candle_age,mean_spread,mos_valid,raw_mass,reason,returned_bins,split
6,1751299200,2025-07-01,True,KXHIGHMIA-25JUL01,True,600,0.04,True,1.02,,6,train
6,1751385600,2025-07-02,True,KXHIGHMIA-25JUL02,True,660,0.04166666666666668,True,1.035,,6,train
6,1751472000,2025-07-03,True,KXHIGHMIA-25JUL03,True,1380,0.04666666666666666,True,1.07,,6,train
6,1751558400,2025-07-04,True,KXHIGHMIA-25JUL04,True,1140,0.043333333333333335,True,1.04,,6,train
6,1751644800,2025-07-05,True,KXHIGHMIA-25JUL05,True,120,0.043333333333333335,True,1.05,,6,train
6,1751731200,2025-07-06,True,KXHIGHMIA-25JUL06,True,60,0.036666666666666674,True,1.02,,6,train
,1751817600,2025-07-07,False,KXHIGHMIA-25JUL07,False,,,True,,incomplete_quotes;missing_candle_window,6,train
,1751904000,2025-07-08,False,KXHIGHMIA-25JUL08,False,,,True,,incomplete_quotes;missing_candle_window,6,train
,1751990400,2025-07-09,False,KXHIGHMIA-25JUL09,False,,,True,,incomplete_quotes;missing_candle_window,6,train
,1752076800,2025-07-10,False,KXHIGHMIA-25JUL10,False,,,True,,incomplete_quotes;missing_candle_window,6,train
,1752163200,2025-07-11,False,KXHIGHMIA-25JUL11,False,,,True,,incomplete_quotes;missing_candle_window,6,train
,1752249600,2025-07-12,False,KXHIGHMIA-25JUL12,False,,,True,,incomplete_quotes;missing_candle_window,6,train
6,1752336000,2025-07-13,True,KXHIGHMIA-25JUL13,True,240,0.024999999999999994,True,1.085,,6,train
6,1752422400,2025-07-14,True,KXHIGHMIA-25JUL14,True,120,0.045000000000000005,True,1.115,,6,train
6,1752508800,2025-07-15,True,KXHIGHMIA-25JUL15,True,1740,0.028333333333333332,True,1.0250000000000001,,6,train
6,1752595200,2025-07-16,True,KXHIGHMIA-25JUL16,True,780,0.035,True,1.005,,6,train
6,1752681600,2025-07-17,True,KXHIGHMIA-25JUL17,True,1140,0.03833333333333334,True,1.045,,6,train
6,1752768000,2025-07-18,True,KXHIGHMIA-25JUL18,True,960,0.025000000000000005,True,1.005,,6,train
6,1752854400,2025-07-19,True,KXHIGHMIA-25JUL19,True,240,0.024999999999999994,True,1.0150000000000001,,6,train
,1752940800,2025-07-20,False,KXHIGHMIA-25JUL20,False,,,True,,incomplete_quotes;missing_candle_window,6,train
6,1753027200,2025-07-21,True,KXHIGHMIA-25JUL21,True,1800,0.024999999999999994,True,1.015,,6,train
6,1753113600,2025-07-22,True,KXHIGHMIA-25JUL22,True,120,0.01833333333333333,True,0.985,,6,train
6,1753200000,2025-07-23,True,KXHIGHMIA-25JUL23,True,120,0.04499999999999999,True,1.025,,6,train
6,1753286400,2025-07-24,True,KXHIGHMIA-25JUL24,True,480,0.03666666666666666,True,0.98,,6,train
6,1753372800,2025-07-25,True,KXHIGHMIA-25JUL25,True,1200,0.023333333333333345,True,0.99,,6,train
6,1753459200,2025-07-26,True,KXHIGHMIA-25JUL26,True,480,0.04833333333333333,True,1.045,,6,train
6,1753545600,2025-07-27,True,KXHIGHMIA-25JUL27,True,240,0.041666666666666664,True,1.0450000000000002,,6,train
6,1753632000,2025-07-28,True,KXHIGHMIA-25JUL28,True,300,0.04,True,1.07,,6,train
6,1753718400,2025-07-29,True,KXHIGHMIA-25JUL29,True,1500,0.051666666666666666,True,1.045,,6,train
6,1753804800,2025-07-30,True,KXHIGHMIA-25JUL30,True,420,0.034999999999999996,True,1.105,,6,train
6,1753891200,2025-07-31,True,KXHIGHMIA-25JUL31,True,1200,0.044999999999999984,True,1.0450000000000002,,6,train
6,1753977600,2025-08-01,True,KXHIGHMIA-25AUG01,True,1140,0.04833333333333333,True,1.025,,6,train
6,1754064000,2025-08-02,True,KXHIGHMIA-25AUG02,True,480,0.03666666666666666,True,1.05,,6,train
6,1754150400,2025-08-03,True,KXHIGHMIA-25AUG03,True,1380,0.041666666666666664,True,1.0350000000000001,,6,train
6,1754236800,2025-08-04,True,KXHIGHMIA-25AUG04,True,1380,0.041666666666666664,True,1.0150000000000001,,6,train
6,1754323200,2025-08-05,True,KXHIGHMIA-25AUG05,True,720,0.031666666666666655,True,1.0350000000000001,,6,train
6,1754409600,2025-08-06,True,KXHIGHMIA-25AUG06,True,300,0.034999999999999996,True,1.0150000000000001,,6,train
6,1754496000,2025-08-07,True,KXHIGHMIA-25AUG07,True,480,0.04,True,0.97,,6,train
,1754582400,2025-08-08,False,KXHIGHMIA-25AUG08,False,,,True,,incomplete_quotes;missing_candle_window,6,train
6,1754668800,2025-08-09,True,KXHIGHMIA-25AUG09,True,360,0.04833333333333333,True,1.035,,6,train
6,1754755200,2025-08-10,True,KXHIGHMIA-25AUG10,True,240,0.036666666666666674,True,1.03,,6,train
6,1754841600,2025-08-11,True,KXHIGHMIA-25AUG11,True,840,0.04,True,1.04,,6,train
6,1754928000,2025-08-12,True,KXHIGHMIA-25AUG12,True,960,0.03166666666666667,True,1.065,,6,train
6,1755014400,2025-08-13,True,KXHIGHMIA-25AUG13,True,240,0.03833333333333334,True,1.0250000000000001,,6,train
6,1755100800,2025-08-14,True,KXHIGHMIA-25AUG14,True,240,0.03,True,1.09,,6,train
6,1755187200,2025-08-15,True,KXHIGHMIA-25AUG15,True,240,0.03333333333333333,True,1.03,,6,train
6,1755273600,2025-08-16,True,KXHIGHMIA-25AUG16,True,240,0.031666666666666676,True,1.045,,6,train
6,1755360000,2025-08-17,True,KXHIGHMIA-25AUG17,True,840,0.033333333333333326,True,1.03,,6,train
6,1755446400,2025-08-18,True,KXHIGHMIA-25AUG18,True,240,0.03333333333333333,True,1.04,,6,train
6,1755532800,2025-08-19,True,KXHIGHMIA-25AUG19,True,240,0.043333333333333335,True,1.07,,6,train
6,1755619200,2025-08-20,True,KXHIGHMIA-25AUG20,True,240,0.03333333333333333,True,1.03,,6,train
6,1755705600,2025-08-21,True,KXHIGHMIA-25AUG21,True,660,0.034999999999999996,True,1.025,,6,train
6,1755792000,2025-08-22,True,KXHIGHMIA-25AUG22,True,420,0.155,True,1.095,,6,train
6,1755878400,2025-08-23,True,KXHIGHMIA-25AUG23,True,360,0.16999999999999996,True,1.1600000000000001,,6,train
6,1755964800,2025-08-24,True,KXHIGHMIA-25AUG24,True,420,0.026666666666666658,True,1.1,,6,train
6,1756051200,2025-08-25,True,KXHIGHMIA-25AUG25,True,540,0.035,True,1.045,,6,train
6,1756137600,2025-08-26,True,KXHIGHMIA-25AUG26,True,240,0.03333333333333335,True,1.09,,6,train
6,1756224000,2025-08-27,True,KXHIGHMIA-25AUG27,True,540,0.043333333333333335,True,1.05,,6,train
6,1756310400,2025-08-28,True,KXHIGHMIA-25AUG28,True,240,0.028333333333333335,True,1.075,,6,train
6,1756396800,2025-08-29,True,KXHIGHMIA-25AUG29,True,540,0.045000000000000005,True,1.035,,6,train
6,1756483200,2025-08-30,True,KXHIGHMIA-25AUG30,True,540,0.04,True,1.06,,6,train
6,1756569600,2025-08-31,True,KXHIGHMIA-25AUG31,True,480,0.04166666666666668,True,1.0350000000000001,,6,train
6,1756656000,2025-09-01,True,KXHIGHMIA-25SEP01,True,840,0.026666666666666658,True,1.1,,6,train
6,1756742400,2025-09-02,True,KXHIGHMIA-25SEP02,True,180,0.036666666666666674,True,1.08,,6,train
6,1756828800,2025-09-03,True,KXHIGHMIA-25SEP03,True,240,0.04,True,1.06,,6,train
6,1756915200,2025-09-04,True,KXHIGHMIA-25SEP04,True,540,0.03666666666666665,True,1.05,,6,train
6,1757001600,2025-09-05,True,KXHIGHMIA-25SEP05,True,240,0.028333333333333332,True,1.0150000000000001,,6,train
6,1757088000,2025-09-06,True,KXHIGHMIA-25SEP06,True,780,0.051666666666666666,True,1.035,,6,train
6,1757174400,2025-09-07,True,KXHIGHMIA-25SEP07,True,480,0.04,True,1.06,,6,train
6,1757260800,2025-09-08,True,KXHIGHMIA-25SEP08,True,900,0.034999999999999996,True,1.075,,6,train
6,1757347200,2025-09-09,True,KXHIGHMIA-25SEP09,True,240,0.12333333333333334,True,1.13,,6,train
6,1757433600,2025-09-10,True,KXHIGHMIA-25SEP10,True,240,0.043333333333333335,True,1.05,,6,train
6,1757520000,2025-09-11,True,KXHIGHMIA-25SEP11,True,780,0.04166666666666666,True,1.0650000000000002,,6,train
6,1757606400,2025-09-12,True,KXHIGHMIA-25SEP12,True,780,0.04000000000000001,True,1.08,,6,train
6,1757692800,2025-09-13,True,KXHIGHMIA-25SEP13,True,120,0.10833333333333335,True,1.0150000000000001,,6,train
6,1757779200,2025-09-14,True,KXHIGHMIA-25SEP14,True,240,0.03499999999999999,True,1.085,,6,train
6,1757865600,2025-09-15,True,KXHIGHMIA-25SEP15,True,900,0.03166666666666667,True,1.065,,6,train
6,1757952000,2025-09-16,True,KXHIGHMIA-25SEP16,True,840,0.03833333333333332,True,1.075,,6,train
6,1758038400,2025-09-17,True,KXHIGHMIA-25SEP17,True,840,0.043333333333333335,True,1.05,,6,train
6,1758124800,2025-09-18,True,KXHIGHMIA-25SEP18,True,240,0.035,True,1.025,,6,train
6,1758211200,2025-09-19,True,KXHIGHMIA-25SEP19,True,240,0.03333333333333333,True,1.05,,6,train
6,1758297600,2025-09-20,True,KXHIGHMIA-25SEP20,True,840,0.04666666666666667,True,1.04,,6,train
6,1758384000,2025-09-21,True,KXHIGHMIA-25SEP21,True,540,0.044999999999999984,True,1.0550000000000002,,6,train
6,1758470400,2025-09-22,True,KXHIGHMIA-25SEP22,True,240,0.034999999999999996,True,1.085,,6,train
6,1758556800,2025-09-23,True,KXHIGHMIA-25SEP23,True,240,0.041666666666666664,True,1.055,,6,train
6,1758643200,2025-09-24,True,KXHIGHMIA-25SEP24,True,840,0.041666666666666664,True,1.0450000000000002,,6,train
6,1758729600,2025-09-25,True,KXHIGHMIA-25SEP25,True,240,0.021666666666666664,True,1.045,,6,train
6,1758816000,2025-09-26,True,KXHIGHMIA-25SEP26,True,240,0.041666666666666664,True,1.085,,6,train
6,1758902400,2025-09-27,True,KXHIGHMIA-25SEP27,True,240,0.034999999999999996,True,1.075,,6,train
6,1758988800,2025-09-28,True,KXHIGHMIA-25SEP28,True,240,0.20833333333333337,True,1.025,,6,train
6,1759075200,2025-09-29,True,KXHIGHMIA-25SEP29,True,240,0.21166666666666667,True,1.115,,6,train
6,1759161600,2025-09-30,True,KXHIGHMIA-25SEP30,True,240,0.14500000000000002,True,1.095,,6,train
6,1759248000,2025-10-01,True,KXHIGHMIA-25OCT01,True,240,0.14666666666666667,True,1.19,,6,train
6,1759334400,2025-10-02,True,KXHIGHMIA-25OCT02,True,240,0.19666666666666668,True,1.0,,6,train
6,1759420800,2025-10-03,True,KXHIGHMIA-25OCT03,True,240,0.19666666666666668,True,1.04,,6,train
6,1759507200,2025-10-04,True,KXHIGHMIA-25OCT04,True,240,0.04333333333333333,True,1.04,,6,train
6,1759593600,2025-10-05,True,KXHIGHMIA-25OCT05,True,240,0.03666666666666667,True,1.0,,6,train
6,1759680000,2025-10-06,True,KXHIGHMIA-25OCT06,True,240,0.04,True,1.03,,6,train
6,1759766400,2025-10-07,True,KXHIGHMIA-25OCT07,True,120,0.03333333333333333,True,1.04,,6,train
6,1759852800,2025-10-08,True,KXHIGHMIA-25OCT08,True,240,0.16333333333333336,True,0.8899999999999999,,6,train
6,1759939200,2025-10-09,True,KXHIGHMIA-25OCT09,True,120,0.03833333333333334,True,1.045,,6,train
6,1760025600,2025-10-10,True,KXHIGHMIA-25OCT10,True,120,0.031666666666666655,True,1.065,,6,train
6,1760112000,2025-10-11,True,KXHIGHMIA-25OCT11,True,240,0.15,True,1.13,,6,train
6,1760198400,2025-10-12,True,KXHIGHMIA-25OCT12,True,240,0.05333333333333332,True,1.03,,6,train
6,1760284800,2025-10-13,True,KXHIGHMIA-25OCT13,True,240,0.061666666666666675,True,1.035,,6,train
6,1760371200,2025-10-14,True,KXHIGHMIA-25OCT14,True,240,0.12833333333333335,True,1.345,,6,train
6,1760457600,2025-10-15,True,KXHIGHMIA-25OCT15,True,240,0.10333333333333333,True,1.1,,6,train
6,1760544000,2025-10-16,True,KXHIGHMIA-25OCT16,True,60,0.049999999999999996,True,1.03,,6,train
6,1760630400,2025-10-17,True,KXHIGHMIA-25OCT17,True,240,0.051666666666666666,True,1.035,,6,train
6,1760716800,2025-10-18,True,KXHIGHMIA-25OCT18,True,240,0.04,True,1.05,,6,train
6,1760803200,2025-10-19,True,KXHIGHMIA-25OCT19,True,240,0.03333333333333333,True,1.03,,6,train
6,1760889600,2025-10-20,True,KXHIGHMIA-25OCT20,True,240,0.04666666666666666,True,1.02,,6,train
6,1760976000,2025-10-21,True,KXHIGHMIA-25OCT21,True,240,0.045000000000000005,True,1.005,,6,train
6,1761062400,2025-10-22,True,KXHIGHMIA-25OCT22,True,60,0.04666666666666667,True,1.01,,6,train
6,1761148800,2025-10-23,True,KXHIGHMIA-25OCT23,True,180,0.04499999999999999,True,1.0450000000000002,,6,train
6,1761235200,2025-10-24,True,KXHIGHMIA-25OCT24,True,1740,0.03500000000000001,True,1.045,,6,train
6,1761321600,2025-10-25,True,KXHIGHMIA-25OCT25,True,1500,0.045000000000000005,True,1.035,,6,train
6,1761408000,2025-10-26,True,KXHIGHMIA-25OCT26,True,1500,0.04833333333333334,True,1.015,,6,train
6,1761494400,2025-10-27,True,KXHIGHMIA-25OCT27,True,60,0.03333333333333333,True,1.06,,6,train
6,1761580800,2025-10-28,True,KXHIGHMIA-25OCT28,True,900,0.4766666666666666,True,2.04,,6,train
6,1761667200,2025-10-29,True,KXHIGHMIA-25OCT29,True,540,0.03999999999999999,True,1.04,,6,train
,1761753600,2025-10-30,False,KXHIGHMIA-25OCT30,False,,,True,,incomplete_quotes;missing_candle_window,6,train
,1761840000,2025-10-31,False,KXHIGHMIA-25OCT31,False,,,True,,training_label_not_available,6,train
6,1761926400,2025-11-01,True,KXHIGHMIA-25NOV01,True,420,0.03833333333333332,True,1.035,,6,validation
6,1762012800,2025-11-02,True,KXHIGHMIA-25NOV02,True,780,0.02666666666666666,True,0.99,,6,validation
,1762102800,2025-11-03,False,KXHIGHMIA-25NOV03,False,,,True,,incomplete_quotes;missing_candle_window;not_created_and_open_at_cutoff;zero_or_missing_mass,6,validation
,1762189200,2025-11-04,False,KXHIGHMIA-25NOV04,False,,,True,,incomplete_quotes;missing_candle_window;not_created_and_open_at_cutoff;zero_or_missing_mass,6,validation
6,1762275600,2025-11-05,True,KXHIGHMIA-25NOV05,True,1140,0.034999999999999996,True,1.005,,6,validation
6,1762362000,2025-11-06,True,KXHIGHMIA-25NOV06,True,840,0.18833333333333332,True,1.195,,6,validation
6,1762448400,2025-11-07,True,KXHIGHMIA-25NOV07,True,1140,0.031666666666666655,True,1.045,,6,validation
6,1762534800,2025-11-08,True,KXHIGHMIA-25NOV08,True,60,0.03833333333333332,True,1.075,,6,validation
6,1762621200,2025-11-09,True,KXHIGHMIA-25NOV09,True,240,0.04666666666666667,True,1.01,,6,validation
6,1762707600,2025-11-10,True,KXHIGHMIA-25NOV10,True,540,0.035,True,1.0150000000000001,,6,validation
6,1762794000,2025-11-11,True,KXHIGHMIA-25NOV11,True,60,0.03333333333333334,True,1.08,,6,validation
6,1762880400,2025-11-12,True,KXHIGHMIA-25NOV12,True,1140,0.04500000000000001,True,1.065,,6,validation
6,1762966800,2025-11-13,True,KXHIGHMIA-25NOV13,True,240,0.02666666666666666,True,1.03,,6,validation
6,1763053200,2025-11-14,True,KXHIGHMIA-25NOV14,True,240,0.041666666666666664,True,1.035,,6,validation
6,1763139600,2025-11-15,True,KXHIGHMIA-25NOV15,True,1140,0.055,True,1.0150000000000001,,6,validation
6,1763226000,2025-11-16,True,KXHIGHMIA-25NOV16,True,240,0.1633333333333333,True,1.01,,6,validation
6,1763312400,2025-11-17,True,KXHIGHMIA-25NOV17,True,60,0.04833333333333333,True,1.025,,6,validation
6,1763398800,2025-11-18,True,KXHIGHMIA-25NOV18,True,900,0.04,True,1.03,,6,validation
6,1763485200,2025-11-19,True,KXHIGHMIA-25NOV19,True,180,0.041666666666666664,True,1.0250000000000001,,6,validation
6,1763571600,2025-11-20,True,KXHIGHMIA-25NOV20,True,840,0.049999999999999996,True,1.04,,6,validation
6,1763658000,2025-11-21,True,KXHIGHMIA-25NOV21,True,300,0.05666666666666667,True,1.05,,6,validation
6,1763744400,2025-11-22,True,KXHIGHMIA-25NOV22,True,540,0.041666666666666664,True,1.0350000000000001,,6,validation
6,1763830800,2025-11-23,True,KXHIGHMIA-25NOV23,True,360,0.036666666666666674,True,1.02,,6,validation
,1763917200,2025-11-24,False,KXHIGHMIA-25NOV24,False,,,True,,incomplete_quotes;missing_candle_window,6,validation
6,1764003600,2025-11-25,True,KXHIGHMIA-25NOV25,True,360,0.046666666666666655,True,1.02,,6,validation
6,1764090000,2025-11-26,True,KXHIGHMIA-25NOV26,True,840,0.034999999999999996,True,1.025,,6,validation
6,1764176400,2025-11-27,True,KXHIGHMIA-25NOV27,True,540,0.03666666666666666,True,1.04,,6,validation
6,1764262800,2025-11-28,True,KXHIGHMIA-25NOV28,True,600,0.039999999999999994,True,1.02,,6,validation
6,1764349200,2025-11-29,True,KXHIGHMIA-25NOV29,True,420,0.04833333333333333,True,1.025,,6,validation
6,1764435600,2025-11-30,True,KXHIGHMIA-25NOV30,True,180,0.03666666666666666,True,1.07,,6,validation
6,1764522000,2025-12-01,True,KXHIGHMIA-25DEC01,True,600,0.041666666666666664,True,1.075,,6,validation
6,1764608400,2025-12-02,True,KXHIGHMIA-25DEC02,True,60,0.025000000000000005,True,1.035,,6,validation
6,1764694800,2025-12-03,True,KXHIGHMIA-25DEC03,True,60,0.01833333333333333,True,1.035,,6,validation
6,1764781200,2025-12-04,True,KXHIGHMIA-25DEC04,True,60,0.03666666666666667,True,1.07,,6,validation
6,1764867600,2025-12-05,True,KXHIGHMIA-25DEC05,True,300,0.036666666666666674,True,1.03,,6,validation
6,1764954000,2025-12-06,True,KXHIGHMIA-25DEC06,True,240,0.03666666666666666,True,1.01,,6,validation
6,1765040400,2025-12-07,True,KXHIGHMIA-25DEC07,True,60,0.036666666666666674,True,1.03,,6,validation
6,1765126800,2025-12-08,True,KXHIGHMIA-25DEC08,True,60,0.029999999999999995,True,0.9800000000000001,,6,validation
6,1765213200,2025-12-09,True,KXHIGHMIA-25DEC09,True,60,0.016666666666666666,True,1.06,,6,validation
6,1765299600,2025-12-10,True,KXHIGHMIA-25DEC10,True,120,0.036666666666666674,True,1.01,,6,validation
6,1765386000,2025-12-11,True,KXHIGHMIA-25DEC11,True,60,0.013333333333333334,True,1.07,,6,validation
6,1765472400,2025-12-12,True,KXHIGHMIA-25DEC12,True,60,0.02666666666666667,True,1.02,,6,validation
6,1765558800,2025-12-13,True,KXHIGHMIA-25DEC13,True,60,0.018333333333333333,True,1.075,,6,validation
6,1765645200,2025-12-14,True,KXHIGHMIA-25DEC14,True,60,0.019999999999999993,True,1.02,,6,validation
6,1765731600,2025-12-15,True,KXHIGHMIA-25DEC15,True,60,0.011666666666666667,True,1.005,,6,validation
6,1765818000,2025-12-16,True,KXHIGHMIA-25DEC16,True,60,0.016666666666666666,True,1.02,,6,validation
6,1765904400,2025-12-17,True,KXHIGHMIA-25DEC17,True,60,0.010000000000000002,True,1.05,,6,validation
6,1765990800,2025-12-18,True,KXHIGHMIA-25DEC18,True,120,0.020000000000000004,True,1.02,,6,validation
6,1766077200,2025-12-19,True,KXHIGHMIA-25DEC19,True,60,0.018333333333333337,True,1.045,,6,validation
6,1766163600,2025-12-20,True,KXHIGHMIA-25DEC20,True,60,0.028333333333333332,True,1.005,,6,validation
6,1766250000,2025-12-21,True,KXHIGHMIA-25DEC21,True,60,0.015000000000000005,True,1.075,,6,validation
6,1766336400,2025-12-22,True,KXHIGHMIA-25DEC22,True,60,0.023333333333333327,True,1.03,,6,validation
6,1766422800,2025-12-23,True,KXHIGHMIA-25DEC23,True,60,0.02166666666666667,True,1.005,,6,validation
6,1766509200,2025-12-24,True,KXHIGHMIA-25DEC24,True,60,0.015000000000000001,True,1.005,,6,validation
6,1766595600,2025-12-25,True,KXHIGHMIA-25DEC25,True,60,0.010000000000000004,True,1.06,,6,validation
6,1766682000,2025-12-26,True,KXHIGHMIA-25DEC26,True,60,0.02666666666666666,True,0.99,,6,validation
6,1766768400,2025-12-27,True,KXHIGHMIA-25DEC27,True,1140,0.026666666666666655,True,1.02,,6,validation
6,1766854800,2025-12-28,True,KXHIGHMIA-25DEC28,True,480,0.04166666666666668,True,1.0150000000000001,,6,validation
6,1766941200,2025-12-29,True,KXHIGHMIA-25DEC29,True,180,0.02666666666666666,True,1.07,,6,validation
6,1767027600,2025-12-30,True,KXHIGHMIA-25DEC30,True,180,0.018333333333333337,True,0.985,,6,validation
6,1767114000,2025-12-31,True,KXHIGHMIA-25DEC31,True,60,0.02500000000000001,True,1.0150000000000001,,6,validation
6,1767200400,2026-01-01,True,KXHIGHMIA-26JAN01,True,60,0.028333333333333335,True,1.045,,6,test_a
6,1767286800,2026-01-02,True,KXHIGHMIA-26JAN02,True,180,0.06166666666666668,True,1.0050000000000001,,6,test_a
6,1767373200,2026-01-03,True,KXHIGHMIA-26JAN03,True,60,0.031666666666666676,True,1.045,,6,test_a
6,1767459600,2026-01-04,True,KXHIGHMIA-26JAN04,True,300,0.04,True,0.88,,6,test_a
6,1767546000,2026-01-05,True,KXHIGHMIA-26JAN05,True,240,0.03833333333333334,True,1.085,,6,test_a
6,1767632400,2026-01-06,True,KXHIGHMIA-26JAN06,True,180,0.041666666666666664,True,1.105,,6,test_a
6,1767718800,2026-01-07,True,KXHIGHMIA-26JAN07,True,60,0.04500000000000001,True,1.055,,6,test_a
6,1767805200,2026-01-08,True,KXHIGHMIA-26JAN08,True,180,0.04000000000000001,True,1.07,,6,test_a
6,1767891600,2026-01-09,True,KXHIGHMIA-26JAN09,True,60,0.045000000000000005,True,1.085,,6,test_a
6,1767978000,2026-01-10,True,KXHIGHMIA-26JAN10,True,60,0.01,True,1.07,,6,test_a
6,1768064400,2026-01-11,True,KXHIGHMIA-26JAN11,True,60,0.02833333333333334,True,1.095,,6,test_a
6,1768150800,2026-01-12,True,KXHIGHMIA-26JAN12,True,900,0.05999999999999999,True,1.1300000000000001,,6,test_a
6,1768237200,2026-01-13,True,KXHIGHMIA-26JAN13,True,60,0.021666666666666664,True,1.085,,6,test_a
6,1768323600,2026-01-14,True,KXHIGHMIA-26JAN14,True,60,0.025000000000000005,True,1.055,,6,test_a
6,1768410000,2026-01-15,True,KXHIGHMIA-26JAN15,True,60,0.048333333333333346,True,0.935,,6,test_a
6,1768496400,2026-01-16,True,KXHIGHMIA-26JAN16,True,60,0.03166666666666667,True,1.125,,6,test_a
6,1768582800,2026-01-17,True,KXHIGHMIA-26JAN17,True,60,0.05000000000000001,True,1.04,,6,test_a
6,1768669200,2026-01-18,True,KXHIGHMIA-26JAN18,True,60,0.04,True,0.97,,6,test_a
6,1768755600,2026-01-19,True,KXHIGHMIA-26JAN19,True,60,0.10166666666666668,True,1.145,,6,test_a
6,1768842000,2026-01-20,True,KXHIGHMIA-26JAN20,True,60,0.05833333333333333,True,1.075,,6,test_a
6,1768928400,2026-01-21,True,KXHIGHMIA-26JAN21,True,60,0.060000000000000005,True,0.7899999999999999,,6,test_a
6,1769014800,2026-01-22,True,KXHIGHMIA-26JAN22,True,60,0.018333333333333323,True,1.0350000000000001,,6,test_a
6,1769101200,2026-01-23,True,KXHIGHMIA-26JAN23,True,60,0.013333333333333329,True,1.03,,6,test_a
6,1769187600,2026-01-24,True,KXHIGHMIA-26JAN24,True,60,0.026666666666666672,True,1.01,,6,test_a
6,1769274000,2026-01-25,True,KXHIGHMIA-26JAN25,True,60,0.020000000000000004,True,1.05,,6,test_a
6,1769360400,2026-01-26,True,KXHIGHMIA-26JAN26,True,60,0.014999999999999994,True,1.065,,6,test_a
6,1769446800,2026-01-27,True,KXHIGHMIA-26JAN27,True,60,0.02500000000000002,True,1.095,,6,test_a
6,1769533200,2026-01-28,True,KXHIGHMIA-26JAN28,True,60,0.013333333333333343,True,1.01,,6,test_a
6,1769619600,2026-01-29,True,KXHIGHMIA-26JAN29,True,60,0.011666666666666665,True,1.045,,6,test_a
6,1769706000,2026-01-30,True,KXHIGHMIA-26JAN30,True,60,0.02333333333333334,True,1.11,,6,test_a
6,1769792400,2026-01-31,True,KXHIGHMIA-26JAN31,True,60,0.013333333333333336,True,1.09,,6,test_a
6,1769878800,2026-02-01,True,KXHIGHMIA-26FEB01,True,60,0.02,True,1.05,,6,test_a
6,1769965200,2026-02-02,True,KXHIGHMIA-26FEB02,True,60,0.010000000000000004,True,1.06,,6,test_a
6,1770051600,2026-02-03,True,KXHIGHMIA-26FEB03,True,60,0.011666666666666664,True,1.005,,6,test_a
6,1770138000,2026-02-04,True,KXHIGHMIA-26FEB04,True,60,0.010000000000000004,True,1.05,,6,test_a
6,1770224400,2026-02-05,True,KXHIGHMIA-26FEB05,True,60,0.009999999999999988,True,1.04,,6,test_a
6,1770310800,2026-02-06,True,KXHIGHMIA-26FEB06,True,120,0.011666666666666664,True,1.015,,6,test_a
6,1770397200,2026-02-07,True,KXHIGHMIA-26FEB07,True,60,0.009999999999999997,True,1.01,,6,test_a
6,1770483600,2026-02-08,True,KXHIGHMIA-26FEB08,True,60,0.013333333333333329,True,1.0,,6,test_a
6,1770570000,2026-02-09,True,KXHIGHMIA-26FEB09,True,60,0.011666666666666672,True,0.995,,6,test_a
6,1770656400,2026-02-10,True,KXHIGHMIA-26FEB10,True,60,0.010000000000000004,True,1.0,,6,test_a
,1770742800,2026-02-11,False,KXHIGHMIA-26FEB11,False,,,True,,incomplete_quotes;missing_candle_window,6,test_a
,1770829200,2026-02-12,False,KXHIGHMIA-26FEB12,False,,,True,,incomplete_quotes;missing_candle_window,6,test_a
6,1770915600,2026-02-13,True,KXHIGHMIA-26FEB13,True,60,0.015000000000000005,True,1.055,,6,test_a
6,1771002000,2026-02-14,True,KXHIGHMIA-26FEB14,True,60,0.016666666666666653,True,0.9800000000000001,,6,test_a
6,1771088400,2026-02-15,True,KXHIGHMIA-26FEB15,True,60,0.00999999999999999,True,1.01,,6,test_a
6,1771174800,2026-02-16,True,KXHIGHMIA-26FEB16,True,60,0.01,True,0.9800000000000001,,6,test_a
6,1771261200,2026-02-17,True,KXHIGHMIA-26FEB17,True,60,0.010000000000000007,True,1.03,,6,test_a
6,1771347600,2026-02-18,True,KXHIGHMIA-26FEB18,True,60,0.010000000000000005,True,1.05,,6,test_a
6,1771434000,2026-02-19,True,KXHIGHMIA-26FEB19,True,60,0.010000000000000004,True,0.96,,6,test_a
6,1771520400,2026-02-20,True,KXHIGHMIA-26FEB20,True,60,0.011666666666666664,True,1.035,,6,test_a
6,1771606800,2026-02-21,True,KXHIGHMIA-26FEB21,True,60,0.01166666666666665,True,1.005,,6,test_a
6,1771693200,2026-02-22,True,KXHIGHMIA-26FEB22,True,60,0.010000000000000002,True,1.01,,6,test_a
6,1771779600,2026-02-23,True,KXHIGHMIA-26FEB23,True,360,0.02500000000000001,True,1.065,,6,test_a
6,1771866000,2026-02-24,True,KXHIGHMIA-26FEB24,True,360,0.011666666666666672,True,1.085,,6,test_a
6,1771952400,2026-02-25,True,KXHIGHMIA-26FEB25,True,60,0.013333333333333329,True,1.0,,6,test_a
6,1772038800,2026-02-26,True,KXHIGHMIA-26FEB26,True,480,0.019999999999999993,True,1.0,,6,test_a
6,1772125200,2026-02-27,True,KXHIGHMIA-26FEB27,True,120,0.03333333333333333,True,1.05,,6,test_a
6,1772211600,2026-02-28,True,KXHIGHMIA-26FEB28,True,60,0.018333333333333344,True,1.065,,6,test_a
6,1772298000,2026-03-01,True,KXHIGHMIA-26MAR01,True,960,0.03,True,0.97,,6,test_a
6,1772384400,2026-03-02,True,KXHIGHMIA-26MAR02,True,60,0.02000000000000001,True,1.02,,6,test_a
6,1772470800,2026-03-03,True,KXHIGHMIA-26MAR03,True,300,0.016666666666666666,True,1.03,,6,test_a
6,1772557200,2026-03-04,True,KXHIGHMIA-26MAR04,True,60,0.025000000000000005,True,1.0350000000000001,,6,test_a
6,1772643600,2026-03-05,True,KXHIGHMIA-26MAR05,True,180,0.010000000000000002,True,1.08,,6,test_a
6,1772730000,2026-03-06,True,KXHIGHMIA-26MAR06,True,60,0.021666666666666664,True,1.0550000000000002,,6,test_a
6,1772816400,2026-03-07,True,KXHIGHMIA-26MAR07,True,360,0.023333333333333334,True,1.03,,6,test_a
6,1772902800,2026-03-08,True,KXHIGHMIA-26MAR08,True,60,0.02666666666666667,True,1.09,,6,test_a
6,1772985600,2026-03-09,True,KXHIGHMIA-26MAR09,True,60,0.029999999999999995,True,1.0,,6,test_a
6,1773072000,2026-03-10,True,KXHIGHMIA-26MAR10,True,60,0.013333333333333336,True,1.01,,6,test_a
6,1773158400,2026-03-11,True,KXHIGHMIA-26MAR11,True,120,0.015000000000000006,True,1.035,,6,test_a
6,1773244800,2026-03-12,True,KXHIGHMIA-26MAR12,True,60,0.015000000000000005,True,1.065,,6,test_a
6,1773331200,2026-03-13,True,KXHIGHMIA-26MAR13,True,60,0.014999999999999998,True,0.995,,6,test_a
6,1773417600,2026-03-14,True,KXHIGHMIA-26MAR14,True,60,0.016666666666666673,True,1.06,,6,test_a
6,1773504000,2026-03-15,True,KXHIGHMIA-26MAR15,True,360,0.009999999999999997,True,1.03,,6,test_a
6,1773590400,2026-03-16,True,KXHIGHMIA-26MAR16,True,60,0.025000000000000005,True,1.0150000000000001,,6,test_a
6,1773676800,2026-03-17,True,KXHIGHMIA-26MAR17,True,120,0.021666666666666667,True,1.0050000000000001,,6,test_a
6,1773763200,2026-03-18,True,KXHIGHMIA-26MAR18,True,60,0.023333333333333327,True,1.03,,6,test_a
6,1773849600,2026-03-19,True,KXHIGHMIA-26MAR19,True,420,0.023333333333333334,True,1.08,,6,test_a
6,1773936000,2026-03-20,True,KXHIGHMIA-26MAR20,True,540,0.01166666666666667,True,1.055,,6,test_a
6,1774022400,2026-03-21,True,KXHIGHMIA-26MAR21,True,180,0.016666666666666666,True,1.09,,6,test_a
6,1774108800,2026-03-22,True,KXHIGHMIA-26MAR22,True,1140,0.023333333333333317,True,1.07,,6,test_a
6,1774195200,2026-03-23,True,KXHIGHMIA-26MAR23,True,180,0.013333333333333336,True,1.02,,6,test_a
6,1774281600,2026-03-24,True,KXHIGHMIA-26MAR24,True,420,0.02000000000000001,True,1.03,,6,test_a
6,1774368000,2026-03-25,True,KXHIGHMIA-26MAR25,True,60,0.016666666666666673,True,1.05,,6,test_a
6,1774454400,2026-03-26,True,KXHIGHMIA-26MAR26,True,240,0.01166666666666666,True,1.025,,6,test_a
6,1774540800,2026-03-27,True,KXHIGHMIA-26MAR27,True,60,0.016666666666666663,True,1.04,,6,test_a
6,1774627200,2026-03-28,True,KXHIGHMIA-26MAR28,True,60,0.013333333333333338,True,1.02,,6,test_a
6,1774713600,2026-03-29,True,KXHIGHMIA-26MAR29,True,480,0.011666666666666659,True,1.025,,6,test_a
6,1774800000,2026-03-30,True,KXHIGHMIA-26MAR30,True,420,0.010000000000000005,True,0.95,,6,test_a
6,1774886400,2026-03-31,True,KXHIGHMIA-26MAR31,True,180,0.013333333333333338,True,0.97,,6,test_a
6,1774972800,2026-04-01,True,KXHIGHMIA-26APR01,True,420,0.010000000000000004,True,1.0,,6,test_b
6,1775059200,2026-04-02,True,KXHIGHMIA-26APR02,True,300,0.013333333333333315,True,0.99,,6,test_b
6,1775145600,2026-04-03,True,KXHIGHMIA-26APR03,True,1020,0.020000000000000004,True,1.03,,6,test_b
6,1775232000,2026-04-04,True,KXHIGHMIA-26APR04,True,1260,0.01,True,0.99,,6,test_b
6,1775318400,2026-04-05,True,KXHIGHMIA-26APR05,True,180,0.021666666666666678,True,0.995,,6,test_b
6,1775404800,2026-04-06,True,KXHIGHMIA-26APR06,True,60,0.011666666666666667,True,0.975,,6,test_b
6,1775491200,2026-04-07,True,KXHIGHMIA-26APR07,True,120,0.021666666666666667,True,1.105,,6,test_b
6,1775577600,2026-04-08,True,KXHIGHMIA-26APR08,True,60,0.021666666666666667,True,1.0050000000000001,,6,test_b
6,1775664000,2026-04-09,True,KXHIGHMIA-26APR09,True,60,0.024999999999999998,True,1.065,,6,test_b
6,1775750400,2026-04-10,True,KXHIGHMIA-26APR10,True,60,0.016666666666666673,True,0.99,,6,test_b
,1775836800,2026-04-11,False,KXHIGHMIA-26APR11,False,,,True,,nonbinary_label,6,test_b
6,1775923200,2026-04-12,True,KXHIGHMIA-26APR12,True,240,0.018333333333333337,True,1.0550000000000002,,6,test_b
6,1776009600,2026-04-13,True,KXHIGHMIA-26APR13,True,60,0.010000000000000002,True,0.98,,6,test_b
6,1776096000,2026-04-14,True,KXHIGHMIA-26APR14,True,600,0.011666666666666652,True,0.995,,6,test_b
6,1776182400,2026-04-15,True,KXHIGHMIA-26APR15,True,180,0.021666666666666678,True,0.995,,6,test_b
6,1776268800,2026-04-16,True,KXHIGHMIA-26APR16,True,360,0.01666666666666667,True,1.02,,6,test_b
6,1776355200,2026-04-17,True,KXHIGHMIA-26APR17,True,120,0.010000000000000004,True,1.05,,6,test_b
6,1776441600,2026-04-18,True,KXHIGHMIA-26APR18,True,180,0.01833333333333334,True,1.0350000000000001,,6,test_b
6,1776528000,2026-04-19,True,KXHIGHMIA-26APR19,True,300,0.009999999999999998,True,1.01,,6,test_b
6,1776614400,2026-04-20,True,KXHIGHMIA-26APR20,True,360,0.016666666666666666,True,1.08,,6,test_b
6,1776700800,2026-04-21,True,KXHIGHMIA-26APR21,True,180,0.01,True,1.07,,6,test_b
6,1776787200,2026-04-22,True,KXHIGHMIA-26APR22,True,420,0.010000000000000004,True,1.05,,6,test_b
6,1776873600,2026-04-23,True,KXHIGHMIA-26APR23,True,540,0.016666666666666673,True,1.02,,6,test_b
6,1776960000,2026-04-24,True,KXHIGHMIA-26APR24,True,240,0.015000000000000008,True,1.0050000000000001,,6,test_b
,1777046400,2026-04-25,False,KXHIGHMIA-26APR25,False,,,True,,incomplete_quotes;missing_candle_window,6,test_b
6,1777132800,2026-04-26,True,KXHIGHMIA-26APR26,True,840,0.011666666666666672,True,1.045,,6,test_b
6,1777219200,2026-04-27,True,KXHIGHMIA-26APR27,True,240,0.01666666666666666,True,1.04,,6,test_b
6,1777305600,2026-04-28,True,KXHIGHMIA-26APR28,True,360,0.013333333333333336,True,1.01,,6,test_b
6,1777392000,2026-04-29,True,KXHIGHMIA-26APR29,True,360,0.01,True,1.06,,6,test_b
6,1777478400,2026-04-30,True,KXHIGHMIA-26APR30,True,120,0.023333333333333334,True,1.05,,6,test_b
6,1777564800,2026-05-01,True,KXHIGHMIA-26MAY01,True,840,0.030000000000000002,True,1.07,,6,test_b
6,1777651200,2026-05-02,True,KXHIGHMIA-26MAY02,True,240,0.06333333333333334,True,0.89,,6,test_b
6,1777737600,2026-05-03,True,KXHIGHMIA-26MAY03,True,600,0.015000000000000001,True,1.0250000000000001,,6,test_b
6,1777824000,2026-05-04,True,KXHIGHMIA-26MAY04,True,240,0.04,True,1.0,,6,test_b
6,1777910400,2026-05-05,True,KXHIGHMIA-26MAY05,True,300,0.02666666666666666,True,0.97,,6,test_b
6,1777996800,2026-05-06,True,KXHIGHMIA-26MAY06,True,360,0.01833333333333334,True,1.045,,6,test_b
6,1778083200,2026-05-07,True,KXHIGHMIA-26MAY07,True,300,0.01166666666666667,True,1.005,,6,test_b
,1778169600,2026-05-08,False,KXHIGHMIA-26MAY08,False,,,True,,incomplete_quotes;missing_candle_window,6,test_b
6,1778256000,2026-05-09,True,KXHIGHMIA-26MAY09,True,1080,0.011666666666666667,True,1.025,,6,test_b
,1778342400,2026-05-10,False,KXHIGHMIA-26MAY10,False,,,True,,incomplete_quotes;missing_candle_window,6,test_b
6,1778428800,2026-05-11,True,KXHIGHMIA-26MAY11,True,480,0.016666666666666653,True,1.05,,6,test_b
,1778515200,2026-05-12,False,KXHIGHMIA-26MAY12,False,,,True,,incomplete_quotes;missing_candle_window,6,test_b
,1778601600,2026-05-13,False,KXHIGHMIA-26MAY13,False,,,True,,incomplete_quotes;missing_candle_window,6,test_b
,1778688000,2026-05-14,False,KXHIGHMIA-26MAY14,False,,,True,,incomplete_quotes;missing_candle_window,6,test_b
6,1778774400,2026-05-15,True,KXHIGHMIA-26MAY15,True,1140,0.01333333333333332,True,1.06,,6,test_b
,1778860800,2026-05-16,False,KXHIGHMIA-26MAY16,False,,,True,,incomplete_quotes;missing_candle_window,6,test_b
,1778947200,2026-05-17,False,KXHIGHMIA-26MAY17,False,,,True,,incomplete_quotes;missing_candle_window,6,test_b
6,1779033600,2026-05-18,True,KXHIGHMIA-26MAY18,True,1680,0.010000000000000002,True,0.93,,6,test_b
6,1779120000,2026-05-19,True,KXHIGHMIA-26MAY19,True,300,0.015,True,0.985,,6,test_b
,1779206400,2026-05-20,False,KXHIGHMIA-26MAY20,False,,,True,,incomplete_quotes;missing_candle_window,6,test_b
6,1779292800,2026-05-21,True,KXHIGHMIA-26MAY21,True,1140,0.016666666666666663,True,0.96,,6,test_b
,1779379200,2026-05-22,False,KXHIGHMIA-26MAY22,False,,,True,,incomplete_quotes;missing_candle_window,6,test_b
,1779465600,2026-05-23,False,KXHIGHMIA-26MAY23,False,,,True,,incomplete_quotes;missing_candle_window,6,test_b
6,1779552000,2026-05-24,True,KXHIGHMIA-26MAY24,True,180,0.013333333333333334,True,1.0,,6,test_b
,1779638400,2026-05-25,False,KXHIGHMIA-26MAY25,False,,,True,,incomplete_quotes;missing_candle_window,6,test_b
6,1779724800,2026-05-26,True,KXHIGHMIA-26MAY26,True,1080,0.021666666666666667,True,1.0150000000000001,,6,test_b
,1779811200,2026-05-27,False,KXHIGHMIA-26MAY27,False,,,True,,incomplete_quotes;missing_candle_window,6,test_b
6,1779897600,2026-05-28,True,KXHIGHMIA-26MAY28,True,660,0.021666666666666657,True,0.985,,6,test_b
6,1779984000,2026-05-29,True,KXHIGHMIA-26MAY29,True,1620,0.02333333333333334,True,0.98,,6,test_b
6,1780070400,2026-05-30,True,KXHIGHMIA-26MAY30,True,540,0.019999999999999993,True,0.9900000000000001,,6,test_b
,1780156800,2026-05-31,False,KXHIGHMIA-26MAY31,False,,,True,,incomplete_quotes;missing_candle_window,6,test_b
6,1780243200,2026-06-01,True,KXHIGHMIA-26JUN01,True,480,0.01666666666666667,True,1.01,,6,test_b
6,1780329600,2026-06-02,True,KXHIGHMIA-26JUN02,True,540,0.01666666666666667,True,1.03,,6,test_b
6,1780416000,2026-06-03,True,KXHIGHMIA-26JUN03,True,120,0.02333333333333333,True,0.9600000000000001,,6,test_b
6,1780502400,2026-06-04,True,KXHIGHMIA-26JUN04,True,480,0.010000000000000002,True,0.91,,6,test_b
6,1780588800,2026-06-05,True,KXHIGHMIA-26JUN05,True,1500,0.011666666666666672,True,0.9550000000000001,,6,test_b
6,1780675200,2026-06-06,True,KXHIGHMIA-26JUN06,True,600,0.02,True,1.01,,6,test_b
6,1780761600,2026-06-07,True,KXHIGHMIA-26JUN07,True,1020,0.018333333333333337,True,1.035,,6,test_b
6,1780848000,2026-06-08,True,KXHIGHMIA-26JUN08,True,600,0.020000000000000004,True,1.06,,6,test_b
,1780934400,2026-06-09,False,KXHIGHMIA-26JUN09,False,,,True,,incomplete_quotes;missing_candle_window,6,test_b
,1781020800,2026-06-10,False,KXHIGHMIA-26JUN10,False,,,True,,incomplete_quotes;missing_candle_window,6,test_b
,1781107200,2026-06-11,False,KXHIGHMIA-26JUN11,False,,,True,,incomplete_quotes;missing_candle_window,6,test_b
6,1781193600,2026-06-12,True,KXHIGHMIA-26JUN12,True,720,0.01166666666666665,True,1.075,,6,test_b
,1781280000,2026-06-13,False,KXHIGHMIA-26JUN13,False,,,True,,incomplete_quotes;missing_candle_window,6,test_b
,1781366400,2026-06-14,False,KXHIGHMIA-26JUN14,False,,,True,,incomplete_quotes;missing_candle_window,6,test_b
6,1781452800,2026-06-15,True,KXHIGHMIA-26JUN15,True,480,0.045000000000000005,True,1.065,,6,test_b
6,1781539200,2026-06-16,True,KXHIGHMIA-26JUN16,True,1680,0.026666666666666655,True,1.05,,6,test_b
,1781625600,2026-06-17,False,KXHIGHMIA-26JUN17,False,,,True,,incomplete_quotes;missing_candle_window,6,test_b
,1781712000,2026-06-18,False,KXHIGHMIA-26JUN18,False,,,True,,incomplete_quotes;missing_candle_window,6,test_b
,1781798400,2026-06-19,False,KXHIGHMIA-26JUN19,False,,,True,,incomplete_quotes;missing_candle_window,6,test_b
,1781884800,2026-06-20,False,KXHIGHMIA-26JUN20,False,,,True,,incomplete_quotes;missing_candle_window,6,test_b
,1781971200,2026-06-21,False,KXHIGHMIA-26JUN21,False,,,True,,incomplete_quotes;missing_candle_window,6,test_b
6,1782057600,2026-06-22,True,KXHIGHMIA-26JUN22,True,540,0.015,True,1.035,,6,test_b
,1782144000,2026-06-23,False,KXHIGHMIA-26JUN23,False,,,True,,incomplete_quotes;missing_candle_window,6,test_b
6,1782230400,2026-06-24,True,KXHIGHMIA-26JUN24,True,480,0.015000000000000012,True,0.975,,6,test_b
6,1782316800,2026-06-25,True,KXHIGHMIA-26JUN25,True,360,0.013333333333333336,True,0.98,,6,test_b
,1782403200,2026-06-26,False,KXHIGHMIA-26JUN26,False,,,True,,incomplete_quotes;missing_candle_window,6,test_b
6,1782489600,2026-06-27,True,KXHIGHMIA-26JUN27,True,120,0.020000000000000007,True,1.03,,6,test_b
,1782576000,2026-06-28,False,KXHIGHMIA-26JUN28,False,,,True,,incomplete_quotes;missing_candle_window,6,test_b
6,1782662400,2026-06-29,True,KXHIGHMIA-26JUN29,True,120,0.01333333333333332,True,1.02,,6,test_b
,1782748800,2026-06-30,False,KXHIGHMIA-26JUN30,False,,,True,,incomplete_quotes;missing_candle_window,6,test_b
