date,event,split,bin_count,raw_mass,max_candle_age,mean_spread,market,candidate,raw,uniform,gain
2025-07-01,KXHIGHNY-25JUL01,train,6,1.0250000000000001,840,0.055,0.11703351179853261,0.11808274681863241,0.11689583333333331,0.13888888888888892,-0.0010492350200998063
2025-07-02,KXHIGHNY-25JUL02,train,6,0.9299999999999999,300,0.17666666666666667,0.1347265579835819,0.14010204545555272,0.13449166666666665,0.13888888888888892,-0.005375487471970808
2025-07-05,KXHIGHNY-25JUL05,train,6,1.06,120,0.043333333333333335,0.09508870297852144,0.08775621043146242,0.09344166666666666,0.13888888888888892,0.007332492547059019
2025-07-06,KXHIGHNY-25JUL06,train,6,1.025,60,0.055,0.12525877453896492,0.12663310565332733,0.12520416666666664,0.13888888888888892,-0.0013743311143624148
2025-07-07,KXHIGHNY-25JUL07,train,6,1.085,1020,0.03833333333333333,0.15784294987505929,0.16630984795388234,0.1608125,0.13888888888888892,-0.00846689807882306
2025-07-08,KXHIGHNY-25JUL08,train,6,1.075,120,0.041666666666666664,0.12688660537227328,0.1284039707971931,0.1269458333333333,0.13888888888888892,-0.0015173654249198143
2025-07-10,KXHIGHNY-25JUL10,train,6,1.0050000000000001,420,0.041666666666666664,0.15188567939737466,0.1603151721385116,0.15201250000000002,0.13888888888888892,-0.00842949274113694
2025-07-11,KXHIGHNY-25JUL11,train,6,1.035,1020,0.045000000000000005,0.10492660272118369,0.10060934392882487,0.10426250000000002,0.13888888888888892,0.004317258792358822
2025-07-12,KXHIGHNY-25JUL12,train,6,0.9950000000000001,1500,0.04499999999999999,0.10567073222056682,0.10122786924880506,0.10577916666666665,0.13888888888888892,0.00444286297176176
2025-07-13,KXHIGHNY-25JUL13,train,6,1.08,1380,0.04666666666666667,0.11000371513488798,0.10992242209431612,0.10950833333333333,0.13888888888888892,8.129304057186149e-05
2025-07-14,KXHIGHNY-25JUL14,train,6,1.065,780,0.04166666666666666,0.09969362339923737,0.09228516844444208,0.09796250000000001,0.13888888888888892,0.007408454954795293
2025-07-15,KXHIGHNY-25JUL15,train,6,1.0150000000000001,1800,0.03500000000000001,0.09936340766984562,0.09202039664197183,0.09892916666666667,0.13888888888888892,0.007343011027873797
2025-07-16,KXHIGHNY-25JUL16,train,6,1.075,840,0.04499999999999999,0.12256715341626105,0.12335962905864271,0.12232916666666667,0.13888888888888892,-0.0007924756423816626
2025-07-17,KXHIGHNY-25JUL17,train,6,1.0050000000000001,1260,0.035,0.13678704322500268,0.14133496631215217,0.13682916666666664,0.13888888888888892,-0.004547923087149491
2025-07-18,KXHIGHNY-25JUL18,train,6,0.98,120,0.04,0.1832569762598917,0.19529283764032215,0.18206666666666663,0.13888888888888892,-0.012035861380430446
2025-07-19,KXHIGHNY-25JUL19,train,6,1.0550000000000002,600,0.03833333333333334,0.1026631627022454,0.09670295554137463,0.1013875,0.13888888888888892,0.00596020716087077
2025-07-20,KXHIGHNY-25JUL20,train,6,1.055,120,0.03833333333333332,0.1248923728877009,0.12638282659184544,0.12484583333333332,0.13888888888888892,-0.001490453704144537
2025-07-21,KXHIGHNY-25JUL21,train,6,1.05,300,0.033333333333333326,0.13200302343159484,0.13640824699031032,0.13244999999999998,0.13888888888888892,-0.0044052235587154764
2025-07-22,KXHIGHNY-25JUL22,train,6,1.08,780,0.02666666666666666,0.1437185642432556,0.15233388901102266,0.14576666666666668,0.13888888888888892,-0.008615324767767052
2025-07-23,KXHIGHNY-25JUL23,train,6,1.11,660,0.03000000000000001,0.04350296242188136,0.028752169813752195,0.03746666666666667,0.1388888888888889,0.014750792608129167
2025-07-24,KXHIGHNY-25JUL24,train,6,1.035,300,0.041666666666666685,0.08967148202602938,0.08109630788768749,0.0885625,0.13888888888888892,0.008575174138341898
2025-07-25,KXHIGHNY-25JUL25,train,6,1.0250000000000001,720,0.04833333333333333,0.1188419591512988,0.12127435005307631,0.11879583333333334,0.13888888888888892,-0.0024323909017775064
2025-07-26,KXHIGHNY-25JUL26,train,6,1.04,1560,0.04666666666666666,0.07049741124260354,0.05776729733281269,0.06865,0.13888888888888892,0.012730113909790855
2025-07-27,KXHIGHNY-25JUL27,train,6,1.06,120,0.04,0.15182597602942918,0.16130686346838133,0.1537916666666667,0.13888888888888892,-0.009480887438952146
2025-07-28,KXHIGHNY-25JUL28,train,6,1.07,1440,0.04000000000000001,0.13718083093137684,0.1440452788369128,0.13839166666666666,0.13888888888888892,-0.0068644479055359475
2025-07-29,KXHIGHNY-25JUL29,train,6,1.01,120,0.023333333333333327,0.0876629742182139,0.07914512338204814,0.087325,0.13888888888888892,0.008517850836165755
2025-07-30,KXHIGHNY-25JUL30,train,6,1.0250000000000001,600,0.04833333333333332,0.08309339678762644,0.07303431595118125,0.08215416666666667,0.13888888888888892,0.010059080836445189
2025-07-31,KXHIGHNY-25JUL31,train,6,1.05,60,0.05666666666666667,0.20034769463340893,0.21032903258354443,0.20438333333333336,0.13888888888888892,-0.009981337950135505
2025-08-01,KXHIGHNY-25AUG01,train,6,1.0050000000000001,1320,0.02833333333333334,0.08421408711005503,0.07329869720820913,0.0840125,0.13888888888888892,0.010915389901845901
2025-08-02,KXHIGHNY-25AUG02,train,6,1.02,540,0.03999999999999999,0.08188357042163272,0.07120520409920345,0.08109166666666666,0.13888888888888892,0.010678366322429272
2025-08-03,KXHIGHNY-25AUG03,train,6,1.02,480,0.04,0.09180763808791492,0.08387314454590288,0.09118333333333334,0.13888888888888892,0.007934493542012047
2025-08-04,KXHIGHNY-25AUG04,train,6,1.0,300,0.03666666666666667,0.08298333333333334,0.07212403588445994,0.08298333333333334,0.13888888888888892,0.0108592974488734
2025-08-05,KXHIGHNY-25AUG05,train,6,1.0150000000000001,420,0.04833333333333334,0.11588892394056312,0.1169752458112272,0.11577916666666667,0.13888888888888892,-0.0010863218706640837
2025-08-06,KXHIGHNY-25AUG06,train,6,1.0250000000000001,180,0.051666666666666666,0.11594685702954588,0.11779821386014162,0.1158375,0.13888888888888892,-0.0018513568305957434
2025-08-07,KXHIGHNY-25AUG07,train,6,0.995,1080,0.041666666666666664,0.07164802235633781,0.05958618914598151,0.07187916666666667,0.13888888888888892,0.012061833210356303
2025-08-08,KXHIGHNY-25AUG08,train,6,1.0350000000000001,120,0.04833333333333333,0.08087314367507602,0.07081132903091472,0.07954583333333333,0.13888888888888892,0.010061814644161296
2025-08-09,KXHIGHNY-25AUG09,train,6,1.015,120,0.03833333333333334,0.17732372378202177,0.19247926013067782,0.17832083333333335,0.13888888888888892,-0.015155536348656046
2025-08-10,KXHIGHNY-25AUG10,train,6,1.04,60,0.04000000000000001,0.13194958086785008,0.1423677446589677,0.13285,0.13888888888888892,-0.010418163791117624
2025-08-11,KXHIGHNY-25AUG11,train,6,1.015,900,0.03833333333333332,0.07074506378056573,0.059143540410181106,0.07007083333333335,0.13888888888888892,0.011601523370384628
2025-08-12,KXHIGHNY-25AUG12,train,6,1.035,1380,0.04499999999999999,0.08870685430231744,0.08285150159288494,0.08776249999999998,0.13888888888888892,0.005855352709432493
2025-08-13,KXHIGHNY-25AUG13,train,6,1.05,60,0.020000000000000004,0.07801965230536663,0.06710958413128452,0.07601666666666666,0.13888888888888892,0.010910068174082105
2025-08-14,KXHIGHNY-25AUG14,train,6,1.05,780,0.02666666666666666,0.10256991685563115,0.09989790433061979,0.10175000000000001,0.13888888888888892,0.0026720125250113552
2025-08-15,KXHIGHNY-25AUG15,train,6,1.05,300,0.033333333333333326,0.16701436130007563,0.17931996422462512,0.16946666666666668,0.13888888888888892,-0.012305602924549491
2025-08-16,KXHIGHNY-25AUG16,train,6,1.04,1080,0.03333333333333333,0.10176282051282053,0.09898845044448784,0.10113333333333334,0.13888888888888892,0.002774370068332685
2025-08-17,KXHIGHNY-25AUG17,train,6,1.03,60,0.03666666666666667,0.08451943318565996,0.07552327837368472,0.08346666666666668,0.13888888888888892,0.008996154811975243
2025-08-18,KXHIGHNY-25AUG18,train,6,0.96,60,0.16000000000000003,0.12400535300925929,0.12608498080929928,0.12408333333333332,0.13888888888888892,-0.002079627800039993
2025-08-19,KXHIGHNY-25AUG19,train,6,1.055,1020,0.035,0.11516662548759758,0.11782574522186058,0.11512083333333334,0.13888888888888892,-0.002659119734262999
2025-08-20,KXHIGHNY-25AUG20,train,6,1.045,120,0.03500000000000001,0.16834932045206533,0.1809161851070384,0.17060416666666664,0.13888888888888892,-0.012566864654973087
2025-08-21,KXHIGHNY-25AUG21,train,6,1.03,360,0.04666666666666667,0.09180884154962765,0.08435610741231565,0.09090000000000002,0.13888888888888892,0.007452734137311998
2025-08-22,KXHIGHNY-25AUG22,train,6,1.145,420,0.155,0.07899035741754226,0.06644971782515131,0.07322916666666666,0.13888888888888892,0.012540639592390948
2025-08-23,KXHIGHNY-25AUG23,train,6,1.265,240,0.13166666666666663,0.09887672046118513,0.09531966451329371,0.09617083333333336,0.13888888888888892,0.0035570559478914215
2025-08-24,KXHIGHNY-25AUG24,train,6,1.055,540,0.045000000000000005,0.10903468775035002,0.10768101251788666,0.10838750000000001,0.13888888888888892,0.0013536752324633666
2025-08-25,KXHIGHNY-25AUG25,train,6,1.0250000000000001,60,0.045000000000000005,0.12928812214951416,0.13559602353197417,0.12952083333333336,0.13888888888888892,-0.006307901382460013
2025-08-26,KXHIGHNY-25AUG26,train,6,1.035,180,0.04833333333333333,0.06882307638451306,0.05642671361550028,0.06722083333333334,0.13888888888888892,0.012396362769012778
2025-08-27,KXHIGHNY-25AUG27,train,6,1.045,240,0.03833333333333333,0.12745434704638936,0.1350557745914719,0.12804583333333333,0.13888888888888892,-0.007601427545082529
2025-08-28,KXHIGHNY-25AUG28,train,6,1.015,60,0.03833333333333333,0.06958026968218917,0.05751280340197981,0.06889583333333334,0.13888888888888892,0.012067466280209355
2025-08-29,KXHIGHNY-25AUG29,train,6,1.04,900,0.04666666666666666,0.09455128205128205,0.08958606387427559,0.0936,0.13888888888888892,0.0049652181770064585
2025-08-30,KXHIGHNY-25AUG30,train,6,1.045,180,0.03833333333333334,0.07824912433323412,0.06747968445841646,0.07648749999999999,0.13888888888888892,0.010769439874817668
2025-08-31,KXHIGHNY-25AUG31,train,6,1.07,60,0.036666666666666674,0.07534136896963345,0.06373758151335006,0.07249166666666666,0.13888888888888892,0.01160378745628339
2025-09-01,KXHIGHNY-25SEP01,train,6,1.07,120,0.04,0.06806999155675897,0.05577093544370983,0.06498333333333334,0.13888888888888892,0.012299056113049135
2025-09-02,KXHIGHNY-25SEP02,train,6,1.03,300,0.049999999999999996,0.10817859050491722,0.10937352993688838,0.10791666666666667,0.13888888888888892,-0.0011949394319711593
2025-09-03,KXHIGHNY-25SEP03,train,6,1.06,600,0.04,0.07641361101222259,0.06701169688694253,0.07425833333333333,0.13888888888888892,0.009401914125280061
2025-09-04,KXHIGHNY-25SEP04,train,6,1.055,720,0.031666666666666676,0.14004627029940928,0.15113853363810456,0.1417125,0.13888888888888892,-0.011092263338695285
2025-09-05,KXHIGHNY-25SEP05,train,6,1.05,300,0.033333333333333326,0.10164021164021164,0.0985905595130258,0.10089166666666666,0.13888888888888892,0.003049652127185845
2025-09-06,KXHIGHNY-25SEP06,train,6,1.025,1740,0.03833333333333333,0.1048106285940908,0.10474661727579525,0.10451250000000001,0.13888888888888892,6.40113182955454e-05
2025-09-07,KXHIGHNY-25SEP07,train,6,1.03,60,0.04,0.15585823357526632,0.16799763477646726,0.15700000000000003,0.13888888888888892,-0.012139401201200939
2025-09-08,KXHIGHNY-25SEP08,train,6,1.06,60,0.04666666666666666,0.09282662869348522,0.08675041224834427,0.09129999999999999,0.13888888888888892,0.006076216445140947
2025-09-09,KXHIGHNY-25SEP09,train,6,1.135,420,0.15833333333333333,0.132811944083267,0.14106941060890596,0.13520416666666665,0.13888888888888892,-0.008257466525638968
2025-09-10,KXHIGHNY-25SEP10,train,6,1.03,180,0.049999999999999996,0.19564363590662018,0.20808297609674634,0.19795833333333335,0.13888888888888892,-0.012439340190126158
2025-09-11,KXHIGHNY-25SEP11,train,6,1.07,720,0.04,0.09957201502314615,0.09792479109086565,0.09860000000000001,0.13888888888888892,0.001647223932280506
2025-09-12,KXHIGHNY-25SEP12,train,6,1.045,360,0.045000000000000005,0.09064200300664667,0.08364177898134557,0.08934583333333333,0.13888888888888892,0.007000224025301094
2025-09-13,KXHIGHNY-25SEP13,train,6,1.065,1020,0.041666666666666664,0.08685078651355181,0.08081943799674049,0.08512916666666666,0.13888888888888892,0.006031348516811322
2025-09-14,KXHIGHNY-25SEP14,train,6,1.05,300,0.04999999999999999,0.07285714285714286,0.06186943190676211,0.07082500000000001,0.13888888888888892,0.010987710950380744
2025-09-15,KXHIGHNY-25SEP15,train,6,1.04,180,0.026666666666666672,0.07448841222879685,0.06259747277828852,0.07276666666666665,0.13888888888888892,0.011890939450508328
2025-09-16,KXHIGHNY-25SEP16,train,6,1.075,840,0.041666666666666664,0.11098611862267893,0.11335119628835848,0.11082083333333333,0.13888888888888892,-0.0023650776656795464
2025-09-17,KXHIGHNY-25SEP17,train,6,1.0,840,0.03666666666666668,0.10688333333333332,0.10619192825995961,0.10688333333333332,0.13888888888888892,0.000691405073373702
2025-09-18,KXHIGHNY-25SEP18,train,6,1.07,720,0.03333333333333333,0.18078725944041693,0.19365469630800658,0.18528333333333333,0.13888888888888892,-0.012867436867589649
2025-09-19,KXHIGHNY-25SEP19,train,6,1.02,180,0.04666666666666666,0.12844418813276945,0.13559291734546772,0.12866666666666668,0.13888888888888892,-0.007148729212698268
2025-09-20,KXHIGHNY-25SEP20,train,6,1.025,240,0.04166666666666666,0.07121158040848705,0.05934813397225792,0.07008750000000001,0.13888888888888892,0.011863446436229129
2025-09-21,KXHIGHNY-25SEP21,train,6,1.045,60,0.045000000000000005,0.08973390413833625,0.08431058063051512,0.08857916666666665,0.13888888888888892,0.005423323507821126
2025-09-22,KXHIGHNY-25SEP22,train,6,1.045,60,0.045000000000000005,0.13011759498790473,0.1373112833080782,0.13072916666666667,0.13888888888888892,-0.007193688320173475
2025-09-23,KXHIGHNY-25SEP23,train,6,1.0150000000000001,180,0.04833333333333333,0.15362339941922074,0.16470372788467083,0.1541291666666667,0.13888888888888892,-0.011080328465450096
2025-09-24,KXHIGHNY-25SEP24,train,6,1.0,840,0.043333333333333335,0.10908333333333335,0.10828036667607864,0.10908333333333335,0.13888888888888892,0.0008029666572547112
2025-09-25,KXHIGHNY-25SEP25,train,6,1.085,60,0.04166666666666668,0.1588906113954427,0.1709922007031831,0.16289583333333332,0.13888888888888892,-0.012101589307740412
2025-09-26,KXHIGHNY-25SEP26,train,6,1.0350000000000001,60,0.04166666666666666,0.11780905038624007,0.12075643306673518,0.11777083333333332,0.13888888888888892,-0.002947382680495117
2025-09-27,KXHIGHNY-25SEP27,train,6,1.035,120,0.041666666666666664,0.09649388939454051,0.09201035590418534,0.09569583333333333,0.13888888888888892,0.004483533490355171
2025-09-28,KXHIGHNY-25SEP28,train,6,1.215,600,0.18166666666666667,0.13933061242922543,0.14770344235785868,0.14494583333333333,0.13888888888888892,-0.008372829928633252
2025-09-29,KXHIGHNY-25SEP29,train,6,1.15,360,0.20666666666666667,0.12906112161310648,0.13486541062708746,0.13093333333333332,0.13888888888888892,-0.005804289013980973
2025-09-30,KXHIGHNY-25SEP30,train,6,1.125,60,0.18500000000000003,0.06883950617283952,0.05402341959221174,0.06285416666666667,0.13888888888888892,0.014816086580627774
2025-10-01,KXHIGHNY-25OCT01,train,6,1.1400000000000001,60,0.16666666666666666,0.15173899661434284,0.16358181240063543,0.1568333333333333,0.13888888888888892,-0.011842815786292593
2025-10-02,KXHIGHNY-25OCT02,train,6,1.3,120,0.11666666666666665,0.11055719921104534,0.10962701169399981,0.11034166666666667,0.13888888888888892,0.0009301875170455304
2025-10-03,KXHIGHNY-25OCT03,train,6,1.175,120,0.16166666666666665,0.1372144258337106,0.14571085496033212,0.1408791666666667,0.13888888888888892,-0.008496429126621519
2025-10-04,KXHIGHNY-25OCT04,train,6,1.0450000000000002,120,0.044999999999999984,0.08404111627481058,0.07494161681187728,0.0825125,0.13888888888888892,0.0090994994629333
2025-10-05,KXHIGHNY-25OCT05,train,6,1.05,60,0.02666666666666667,0.12347694633408918,0.1292605252706718,0.12396666666666666,0.13888888888888892,-0.0057835789365826284
2025-10-06,KXHIGHNY-25OCT06,train,6,1.045,120,0.031666666666666676,0.07499065192341443,0.06463231506818247,0.07322916666666665,0.13888888888888892,0.010358336855231964
2025-10-07,KXHIGHNY-25OCT07,train,6,1.08,120,0.023333333333333334,0.1023376771833562,0.09859251436008727,0.10110000000000002,0.13888888888888892,0.0037451628232689216
2025-10-08,KXHIGHNY-25OCT08,train,6,1.0250000000000001,60,0.021666666666666664,0.08364069006543724,0.07565971073735482,0.0828125,0.13888888888888892,0.007980979328082421
2025-10-09,KXHIGHNY-25OCT09,train,6,1.19,60,0.08000000000000002,0.12998140432643648,0.13703671264437886,0.13435,0.13888888888888892,-0.007055308317942377
2025-10-10,KXHIGHNY-25OCT10,train,6,1.02,60,0.026666666666666672,0.07662117134435474,0.06623475498884623,0.07581666666666664,0.13888888888888892,0.010386416355508507
2025-10-11,KXHIGHNY-25OCT11,train,6,1.26,60,0.11666666666666665,0.1393140589569161,0.1470915272716402,0.14664166666666664,0.13888888888888892,-0.0077774683147241175
2025-10-12,KXHIGHNY-25OCT12,train,6,1.05,60,0.01666666666666666,0.10962207105064249,0.11206683716791521,0.10952500000000003,0.13888888888888892,-0.0024447661172727203
2025-10-13,KXHIGHNY-25OCT13,train,6,1.05,60,0.039999999999999994,0.0999697656840514,0.09796869825711955,0.09921666666666669,0.13888888888888892,0.0020010674269318462
2025-10-14,KXHIGHNY-25OCT14,train,6,1.2650000000000001,120,0.08166666666666668,0.12944533841595193,0.135865098135709,0.13492916666666668,0.13888888888888892,-0.006419759719757057
2025-10-15,KXHIGHNY-25OCT15,train,6,1.2650000000000001,60,0.1183333333333333,0.16582043150182005,0.18154051929685536,0.18209583333333335,0.13888888888888892,-0.01572008779503531
2025-10-16,KXHIGHNY-25OCT16,train,6,1.0150000000000001,60,0.035,0.1115452126153672,0.11308797646746306,0.11145416666666669,0.13888888888888892,-0.0015427638520958548
2025-10-17,KXHIGHNY-25OCT17,train,6,1.035,120,0.044999999999999984,0.15922580845916282,0.17255650979634277,0.16085416666666666,0.13888888888888892,-0.013330701337179951
2025-10-18,KXHIGHNY-25OCT18,train,6,1.065,120,0.03166666666666666,0.0803926322672603,0.07192488616015792,0.07823749999999999,0.13888888888888892,0.00846774610710238
2025-10-19,KXHIGHNY-25OCT19,train,6,1.065,60,0.035,0.09044354809084026,0.0852743408668919,0.08887916666666668,0.13888888888888892,0.005169207223948369
2025-10-20,KXHIGHNY-25OCT20,train,6,0.99,120,0.030000000000000002,0.13833622419481006,0.14786621106617764,0.13815000000000002,0.13888888888888892,-0.00952998687136758
2025-10-21,KXHIGHNY-25OCT21,train,6,1.03,240,0.03666666666666667,0.10689037609576772,0.10687748408656773,0.10660000000000001,0.13888888888888892,1.2892009199988452e-05
2025-10-22,KXHIGHNY-25OCT22,train,6,1.075,60,0.028333333333333332,0.16615107265188392,0.17984804487785247,0.17019583333333332,0.13888888888888892,-0.013696972225968551
2025-10-23,KXHIGHNY-25OCT23,train,6,1.02,420,0.05000000000000001,0.07910419069588619,0.06994610298713871,0.07836666666666665,0.13888888888888892,0.009158087708747473
2025-10-24,KXHIGHNY-25OCT24,train,6,1.05,540,0.03999999999999999,0.06803476946334092,0.05698096414846493,0.06592500000000001,0.13888888888888892,0.011053805314875986
2025-10-25,KXHIGHNY-25OCT25,train,6,1.05,1320,0.03666666666666666,0.0739758125472411,0.06406834165418009,0.07205833333333335,0.13888888888888892,0.009907470893061016
2025-10-27,KXHIGHNY-25OCT27,train,6,1.04,60,0.04333333333333334,0.11464497041420119,0.11702210275585707,0.1146,0.13888888888888892,-0.002377132341655888
2025-10-28,KXHIGHNY-25OCT28,train,6,1.615,900,0.22166666666666668,0.1251649429529022,0.12492917143042327,0.1352958333333333,0.13888888888888892,0.00023577152247893085
2025-10-29,KXHIGHNY-25OCT29,train,6,1.0350000000000001,60,0.03499999999999998,0.1214030665826507,0.12546547346412615,0.12156250000000002,0.13888888888888892,-0.004062406881475453
2025-10-30,KXHIGHNY-25OCT30,train,6,1.0,120,0.03,0.08591666666666666,0.0795400930292972,0.08591666666666666,0.13888888888888892,0.006376573637369459
2025-11-01,KXHIGHNY-25NOV01,validation,6,1.0150000000000001,120,0.024999999999999998,0.08106643370784697,0.0728362079567534,0.08055416666666666,0.13888888888888892,0.00823022575109357
2025-11-02,KXHIGHNY-25NOV02,validation,6,1.045,120,0.028333333333333332,0.08314827957235411,0.07500687519516404,0.08168749999999998,0.13888888888888892,0.008141404377190076
2025-11-05,KXHIGHNY-25NOV05,validation,6,1.03,60,0.033333333333333326,0.17627328997392153,0.19055371995940404,0.17810833333333334,0.13888888888888892,-0.014280429985482512
2025-11-06,KXHIGHNY-25NOV06,validation,6,1.14,60,0.06666666666666667,0.16512131938032218,0.1735975997782053,0.17072500000000002,0.13888888888888892,-0.008476280397883118
2025-11-07,KXHIGHNY-25NOV07,validation,6,1.055,120,0.024999999999999994,0.16910371884429073,0.18237889708936406,0.17212916666666664,0.13888888888888892,-0.013275178245073321
2025-11-08,KXHIGHNY-25NOV08,validation,6,1.0250000000000001,120,0.041666666666666664,0.08120563156851082,0.07161595176700601,0.08029583333333333,0.13888888888888892,0.00958967980150481
2025-11-09,KXHIGHNY-25NOV09,validation,6,1.06,120,0.03666666666666667,0.14990506704639847,0.16027627582621143,0.15203333333333338,0.13888888888888892,-0.010371208779812957
2025-11-10,KXHIGHNY-25NOV10,validation,6,0.96,60,0.016666666666666666,0.06314199942129627,0.04933189689803452,0.06532499999999998,0.13888888888888892,0.013810102523261744
2025-11-11,KXHIGHNY-25NOV11,validation,6,1.08,60,0.026666666666666672,0.10510973936899864,0.10485522601557035,0.10446666666666667,0.13888888888888892,0.0002545133534282984
2025-11-12,KXHIGHNY-25NOV12,validation,6,1.04,60,0.04,0.08218534270216962,0.07323556928018558,0.080825,0.13888888888888892,0.00894977342198404
2025-11-13,KXHIGHNY-25NOV13,validation,6,1.055,120,0.03833333333333334,0.08866227922403659,0.08281491218470285,0.08727083333333334,0.13888888888888892,0.005847367039333737
2025-11-14,KXHIGHNY-25NOV14,validation,6,1.075,60,0.015000000000000005,0.14983234180638186,0.16029898971890907,0.15258750000000001,0.13888888888888892,-0.010466647912527216
2025-11-15,KXHIGHNY-25NOV15,validation,6,0.99,60,0.03,0.18056830935618814,0.19297062212440694,0.17997499999999997,0.13888888888888892,-0.012402312768218793
2025-11-16,KXHIGHNY-25NOV16,validation,6,0.98,60,0.14666666666666664,0.11262668332639177,0.11106248791303569,0.11293333333333334,0.13888888888888892,0.001564195413356076
2025-11-17,KXHIGHNY-25NOV17,validation,6,1.07,60,0.023333333333333327,0.10880135091856641,0.11023867331222902,0.10846666666666666,0.13888888888888892,-0.0014373223936626073
2025-11-18,KXHIGHNY-25NOV18,validation,6,1.03,120,0.03666666666666666,0.12340936940333676,0.1280025707122485,0.123575,0.13888888888888892,-0.004593201308911735
2025-11-19,KXHIGHNY-25NOV19,validation,6,1.04,60,0.029999999999999995,0.08444280078895465,0.07620594511315529,0.08313333333333334,0.13888888888888892,0.008236855675799362
2025-11-20,KXHIGHNY-25NOV20,validation,6,1.01,120,0.026666666666666672,0.0898196255269091,0.0832998373440457,0.08952499999999998,0.13888888888888892,0.0065197881828634036
2025-11-21,KXHIGHNY-25NOV21,validation,6,1.08,60,0.046666666666666655,0.09020633287608597,0.08467237852714543,0.08841666666666669,0.13888888888888892,0.005533954348940537
2025-11-22,KXHIGHNY-25NOV22,validation,6,1.065,120,0.03499999999999999,0.07531574423064206,0.06694055676745611,0.07312916666666666,0.13888888888888892,0.008375187463185954
2025-11-23,KXHIGHNY-25NOV23,validation,6,1.105,120,0.03833333333333334,0.07404980787999153,0.06398612634675878,0.07037916666666667,0.13888888888888892,0.010063681533232754
2025-11-24,KXHIGHNY-25NOV24,validation,6,1.05,120,0.019999999999999993,0.07564625850340136,0.06693161544423694,0.07389999999999998,0.13888888888888892,0.008714643059164418
2025-11-25,KXHIGHNY-25NOV25,validation,6,0.925,120,0.04833333333333334,0.14231312393474554,0.15330949802258437,0.14057916666666667,0.13888888888888892,-0.010996374087838823
2025-11-26,KXHIGHNY-25NOV26,validation,6,1.04,120,0.03333333333333335,0.19110576923076925,0.2043575421750706,0.19409999999999997,0.13888888888888892,-0.013251772944301354
2025-11-27,KXHIGHNY-25NOV27,validation,6,1.065,60,0.028333333333333325,0.11352832697803933,0.1117162708023904,0.11278749999999998,0.13888888888888892,0.0018120561756489323
2025-11-28,KXHIGHNY-25NOV28,validation,6,1.135,60,0.045000000000000005,0.0869542717046065,0.07992321919415321,0.08355416666666665,0.13888888888888892,0.007031052510453287
2025-11-29,KXHIGHNY-25NOV29,validation,6,1.045,60,0.034999999999999996,0.11223796768999489,0.11565916330885183,0.11217916666666668,0.13888888888888892,-0.00342119561885694
2025-11-30,KXHIGHNY-25NOV30,validation,6,1.095,60,0.03833333333333334,0.0916439051173523,0.08571157989475096,0.08937916666666666,0.13888888888888892,0.005932325222601342
2025-12-01,KXHIGHNY-25DEC01,validation,6,1.03,60,0.03666666666666668,0.07680585666258208,0.06714274892257317,0.07568333333333334,0.13888888888888892,0.009663107740008905
2025-12-02,KXHIGHNY-25DEC02,validation,6,1.1400000000000001,480,0.06999999999999999,0.13298963783728326,0.1414110315545686,0.13643333333333335,0.13888888888888892,-0.008421393717285341
2025-12-03,KXHIGHNY-25DEC03,validation,6,1.0,60,0.036666666666666674,0.07494999999999999,0.06295924885310021,0.07494999999999999,0.13888888888888892,0.011990751146899778
2025-12-04,KXHIGHNY-25DEC04,validation,6,1.0050000000000001,60,0.018333333333333326,0.08497314422910324,0.07637062546128198,0.08480416666666668,0.13888888888888892,0.008602518767821254
2025-12-05,KXHIGHNY-25DEC05,validation,6,1.04,60,0.013333333333333336,0.08791759122287968,0.07965543441902732,0.08662500000000001,0.13888888888888892,0.008262156803852352
2025-12-06,KXHIGHNY-25DEC06,validation,6,1.065,120,0.03833333333333333,0.07651333142307154,0.06832021771197232,0.07437916666666666,0.13888888888888892,0.008193113711099223
2025-12-07,KXHIGHNY-25DEC07,validation,6,1.11,60,0.02333333333333334,0.18093769445120797,0.1955990098271283,0.18864999999999998,0.13888888888888892,-0.01466131537592033
2025-12-08,KXHIGHNY-25DEC08,validation,6,0.925,60,0.06833333333333334,0.1355247139030923,0.1377393684105773,0.13552083333333334,0.13888888888888892,-0.002214654507485009
2025-12-09,KXHIGHNY-25DEC09,validation,6,1.05,600,0.01666666666666667,0.09815570672713529,0.09503106617986208,0.09721666666666667,0.13888888888888892,0.003124640547273211
2025-12-10,KXHIGHNY-25DEC10,validation,6,1.07,120,0.02333333333333333,0.19078085422307622,0.20449108133038066,0.19614166666666666,0.13888888888888892,-0.013710227107304435
2025-12-11,KXHIGHNY-25DEC11,validation,6,1.03,60,0.01,0.10229522103874067,0.10324180895056752,0.10202500000000002,0.13888888888888892,-0.0009465879118268489
2025-12-12,KXHIGHNY-25DEC12,validation,6,1.04,60,0.02,0.09966715976331364,0.09636840748445365,0.09893333333333333,0.13888888888888892,0.0032987522788599927
2025-12-13,KXHIGHNY-25DEC13,validation,6,1.03,60,0.02666666666666666,0.07115813617368899,0.0610209301413269,0.06994166666666668,0.13888888888888892,0.010137206032362088
2025-12-14,KXHIGHNY-25DEC14,validation,6,1.01,180,0.013333333333333338,0.16138123713361432,0.17384148360484875,0.161825,0.1388888888888889,-0.01246024647123442
2025-12-15,KXHIGHNY-25DEC15,validation,6,1.04,180,0.013333333333333334,0.11053069526627218,0.11291136703411964,0.11041666666666666,0.13888888888888892,-0.002380671767847453
2025-12-16,KXHIGHNY-25DEC16,validation,6,1.045,60,0.018333333333333337,0.09160351945544593,0.08421811609269353,0.09032083333333334,0.13888888888888892,0.007385403362752396
2025-12-17,KXHIGHNY-25DEC17,validation,6,1.015,60,0.011666666666666672,0.19278960097713282,0.20371380723186636,0.19390416666666668,0.13888888888888892,-0.010924206254733532
2025-12-18,KXHIGHNY-25DEC18,validation,6,1.04,60,0.016666666666666666,0.09723249506903354,0.09251470679731792,0.09630000000000001,0.13888888888888892,0.004717788271715623
2025-12-19,KXHIGHNY-25DEC19,validation,6,1.04,120,0.03000000000000001,0.10026041666666667,0.0975179197924363,0.09950833333333337,0.13888888888888892,0.0027424968742303657
2025-12-20,KXHIGHNY-25DEC20,validation,6,1.065,60,0.03833333333333334,0.07029028631885208,0.057858721759799135,0.06742916666666667,0.13888888888888892,0.012431564559052942
2025-12-21,KXHIGHNY-25DEC21,validation,6,1.03,60,0.03666666666666668,0.09387469758381245,0.09004999878406657,0.09319166666666667,0.13888888888888892,0.003824698799745882
2025-12-22,KXHIGHNY-25DEC22,validation,6,1.04,60,0.04666666666666666,0.08126849112426035,0.0713390702495109,0.07976666666666667,0.13888888888888892,0.009929420874749448
2025-12-23,KXHIGHNY-25DEC23,validation,6,1.02,60,0.013333333333333327,0.06628059720620275,0.053598559875845525,0.065325,0.13888888888888892,0.012682037330357221
2025-12-24,KXHIGHNY-25DEC24,validation,6,1.05,60,0.016666666666666666,0.1642328042328042,0.176334130634489,0.16648333333333334,0.13888888888888892,-0.012101326401684792
2025-12-25,KXHIGHNY-25DEC25,validation,6,1.155,60,0.06499999999999999,0.18855218855218858,0.20076950094151172,0.19947916666666668,0.13888888888888892,-0.012217312389323137
2025-12-26,KXHIGHNY-25DEC26,validation,6,0.995,60,0.015,0.10696699578293478,0.1082135214461727,0.10702083333333336,0.13888888888888892,-0.0012465256632379212
2025-12-27,KXHIGHNY-25DEC27,validation,6,1.02,120,0.01999999999999999,0.0844546969114443,0.07777752738823007,0.08383333333333333,0.13888888888888892,0.0066771695232142325
2025-12-28,KXHIGHNY-25DEC28,validation,6,1.05,300,0.053333333333333344,0.07606953892668177,0.06415976138185832,0.07395,0.13888888888888892,0.011909777544823447
2025-12-29,KXHIGHNY-25DEC29,validation,6,1.0050000000000001,180,0.01833333333333334,0.0834467793701476,0.07504399821252124,0.08327083333333334,0.13888888888888892,0.008402781157626368
2025-12-30,KXHIGHNY-25DEC30,validation,6,0.99,60,0.02333333333333333,0.08380097268986157,0.07648525719355108,0.08413333333333332,0.13888888888888892,0.007315715496310493
2025-12-31,KXHIGHNY-25DEC31,validation,6,1.06,60,0.01666666666666667,0.06502907321704048,0.053255597860851815,0.062366666666666674,0.13888888888888892,0.01177347535618866
2026-01-01,KXHIGHNY-26JAN01,test_a,6,1.055,60,0.02833333333333334,0.17387300375103884,0.18847491781609818,0.17734583333333334,0.13888888888888892,-0.01460191406505934
2026-01-02,KXHIGHNY-26JAN02,test_a,6,1.065,120,0.015,0.07273689082853933,0.06271078752287323,0.0703125,0.13888888888888892,0.010026103305666098
2026-01-03,KXHIGHNY-26JAN03,test_a,6,1.06,60,0.013333333333333334,0.19018482259404298,0.20852476691321076,0.19519166666666665,0.13888888888888892,-0.018339944319167772
2026-01-04,KXHIGHNY-26JAN04,test_a,6,1.22,180,0.11333333333333334,0.09422310310848342,0.08750712890880086,0.08964166666666668,0.13888888888888892,0.006715974199682562
2026-01-05,KXHIGHNY-26JAN05,test_a,6,1.1099999999999999,60,0.03333333333333335,0.21080539999458922,0.22317777494106383,0.2223333333333333,0.13888888888888892,-0.012372374946474612
2026-01-06,KXHIGHNY-26JAN06,test_a,6,1.085,60,0.035,0.05945479128175723,0.04333014096785859,0.05476249999999999,0.13888888888888892,0.01612465031389864
2026-01-07,KXHIGHNY-26JAN07,test_a,6,1.125,60,0.041666666666666664,0.10484938271604938,0.10700678591265105,0.10467916666666667,0.13888888888888892,-0.0021574031966016677
2026-01-08,KXHIGHNY-26JAN08,test_a,6,1.125,120,0.021666666666666667,0.1396411522633745,0.1485419709048931,0.14350416666666665,0.13888888888888892,-0.008900818641518593
2026-01-09,KXHIGHNY-26JAN09,test_a,6,1.14,60,0.056666666666666664,0.10395506309633736,0.09893396171103634,0.10126666666666669,0.13888888888888892,0.005021101385301013
2026-01-10,KXHIGHNY-26JAN10,test_a,6,1.02,60,0.010000000000000002,0.10645745226195051,0.10537064185811917,0.10619166666666667,0.13888888888888892,0.001086810403831337
2026-01-11,KXHIGHNY-26JAN11,test_a,6,1.165,60,0.04833333333333334,0.06730645250419053,0.05434905933484382,0.0604125,0.13888888888888892,0.012957393169346708
2026-01-12,KXHIGHNY-26JAN12,test_a,6,1.215,420,0.15166666666666664,0.0843198021981744,0.07262387183954297,0.07699583333333333,0.13888888888888892,0.011695930358631437
2026-01-13,KXHIGHNY-26JAN13,test_a,6,1.0999999999999999,60,0.02666666666666666,0.10544077134986225,0.10684874326812045,0.10508333333333335,0.13888888888888892,-0.0014079719182581996
2026-01-14,KXHIGHNY-26JAN14,test_a,6,1.07,60,0.013333333333333336,0.18391708155006262,0.19950063845184884,0.18910000000000002,0.13888888888888892,-0.015583556901786227
2026-01-15,KXHIGHNY-26JAN15,test_a,6,1.045,60,0.018333333333333337,0.15919202093969154,0.16814559214492622,0.16067916666666665,0.13888888888888892,-0.008953571205234684
2026-01-16,KXHIGHNY-26JAN16,test_a,6,1.075,60,0.01833333333333333,0.12607896160086532,0.13373846524025695,0.1270125,0.13888888888888892,-0.007659503639391635
2026-01-17,KXHIGHNY-26JAN17,test_a,6,1.055,60,0.03833333333333335,0.07393514670979237,0.06087332386443717,0.07142916666666664,0.13888888888888892,0.013061822845355203
2026-01-18,KXHIGHNY-26JAN18,test_a,6,0.98,60,0.03666666666666667,0.07476919339164236,0.06086798605228791,0.07577500000000001,0.13888888888888892,0.013901207339354446
2026-01-19,KXHIGHNY-26JAN19,test_a,6,1.105,60,0.06833333333333334,0.11929185179118638,0.11936783545676001,0.11879583333333331,0.13888888888888892,-7.598366557362568e-05
2026-01-20,KXHIGHNY-26JAN20,test_a,6,1.13,60,0.10000000000000002,0.14745346803456286,0.15369694770233375,0.15015,0.13888888888888892,-0.00624347966777089
2026-01-21,KXHIGHNY-26JAN21,test_a,6,1.105,60,0.028333333333333332,0.18790224060386426,0.19973228898934436,0.19539583333333332,0.13888888888888892,-0.011830048385480102
2026-01-22,KXHIGHNY-26JAN22,test_a,6,1.0,60,0.013333333333333345,0.16490000000000002,0.17615812544007425,0.16490000000000002,0.13888888888888892,-0.011258125440074235
2026-01-23,KXHIGHNY-26JAN23,test_a,6,1.01,60,0.013333333333333334,0.14224095676894422,0.14933487166518342,0.14241666666666666,0.13888888888888892,-0.007093914896239201
2026-01-24,KXHIGHNY-26JAN24,test_a,6,1.0750000000000002,60,0.018333333333333323,0.14873625383089958,0.15819977002723198,0.15094583333333336,0.13888888888888892,-0.0094635161963324
2026-01-25,KXHIGHNY-26JAN25,test_a,6,1.055,60,0.028333333333333332,0.18444479384260612,0.19429976440419705,0.18755416666666666,0.1388888888888889,-0.009854970561590931
2026-01-26,KXHIGHNY-26JAN26,test_a,6,1.025,60,0.011666666666666672,0.11542335911163992,0.11372332793783096,0.11512083333333334,0.13888888888888892,0.001700031173808958
2026-01-27,KXHIGHNY-26JAN27,test_a,6,1.0,60,0.02333333333333332,0.16219999999999998,0.17396082824779938,0.16219999999999998,0.13888888888888892,-0.011760828247799393
2026-01-28,KXHIGHNY-26JAN28,test_a,6,1.025,60,0.015000000000000005,0.08590918104302991,0.07657179358255754,0.08498750000000004,0.13888888888888892,0.009337387460472371
2026-01-29,KXHIGHNY-26JAN29,test_a,6,1.02,60,0.01666666666666667,0.08788286556452646,0.07782886936134621,0.08713333333333334,0.13888888888888892,0.010053996203180246
2026-01-30,KXHIGHNY-26JAN30,test_a,6,1.105,60,0.018333333333333337,0.08934433501907547,0.07862325225675622,0.08572916666666665,0.13888888888888892,0.010721082762319256
2026-01-31,KXHIGHNY-26JAN31,test_a,6,1.045,60,0.015000000000000005,0.16146608365193105,0.17435237158247152,0.16353750000000003,0.13888888888888892,-0.012886287930540474
2026-02-01,KXHIGHNY-26FEB01,test_a,6,1.05,60,0.013333333333333329,0.06377928949357523,0.05018311559120373,0.061316666666666665,0.13888888888888892,0.013596173902371493
2026-02-02,KXHIGHNY-26FEB02,test_a,6,1.015,60,0.01166666666666666,0.19011219232044776,0.20019469209097765,0.19112083333333338,0.13888888888888892,-0.010082499770529885
2026-02-03,KXHIGHNY-26FEB03,test_a,6,1.01,60,0.01,0.07299121001209033,0.060506844475451065,0.07252499999999999,0.13888888888888892,0.012484365536639265
2026-02-04,KXHIGHNY-26FEB04,test_a,6,1.01,60,0.010000000000000007,0.09053850929647421,0.08136255348423616,0.09019166666666667,0.13888888888888892,0.009175955812238054
2026-02-05,KXHIGHNY-26FEB05,test_a,6,1.0050000000000001,60,0.011666666666666667,0.09753883979769477,0.09142988066489778,0.09740416666666668,0.13888888888888892,0.006108959132796993
2026-02-06,KXHIGHNY-26FEB06,test_a,6,1.07,360,0.010000000000000007,0.12349695752176319,0.12594830859640335,0.12365833333333333,0.13888888888888892,-0.0024513510746401596
2026-02-07,KXHIGHNY-26FEB07,test_a,6,0.925,60,0.014999999999999993,0.1479230581933285,0.1573527935219303,0.14650416666666666,0.13888888888888892,-0.009429735328601807
2026-02-08,KXHIGHNY-26FEB08,test_a,6,0.9400000000000001,60,0.016666666666666677,0.1003753583823751,0.09486465669318883,0.1019916666666667,0.13888888888888892,0.00551070168918627
2026-02-09,KXHIGHNY-26FEB09,test_a,6,1.015,60,0.015000000000000008,0.08589547590736653,0.07503069224664678,0.08530416666666667,0.13888888888888892,0.010864783660719746
2026-02-10,KXHIGHNY-26FEB10,test_a,6,1.045,60,0.02166666666666667,0.08832215379684528,0.08047139249550066,0.0869625,0.13888888888888892,0.007850761301344628
2026-02-11,KXHIGHNY-26FEB11,test_a,6,1.06,1140,0.009999999999999995,0.09451020529251215,0.0871944323537358,0.09289166666666665,0.13888888888888892,0.0073157729387763465
2026-02-12,KXHIGHNY-26FEB12,test_a,6,1.12,180,0.016666666666666666,0.08042357568027211,0.06950376507281579,0.07608333333333334,0.13888888888888892,0.010919810607456323
2026-02-13,KXHIGHNY-26FEB13,test_a,6,1.02,60,0.016666666666666663,0.06592816865308215,0.05179505267794202,0.06489166666666667,0.13888888888888892,0.01413311597514013
2026-02-14,KXHIGHNY-26FEB14,test_a,6,0.985,60,0.015000000000000005,0.1570597885370232,0.17054734830943694,0.15647083333333334,0.13888888888888892,-0.013487559772413726
2026-02-15,KXHIGHNY-26FEB15,test_a,6,1.045,60,0.024999999999999998,0.0655357401768885,0.051572905245909406,0.06327916666666666,0.13888888888888892,0.013962834930979093
2026-02-16,KXHIGHNY-26FEB16,test_a,6,1.065,60,0.014999999999999994,0.09568207366263305,0.08993997990527496,0.09417083333333333,0.13888888888888892,0.005742093757358097
2026-02-17,KXHIGHNY-26FEB17,test_a,6,0.975,60,0.011666666666666667,0.07917598071444225,0.06754084791123299,0.08028749999999998,0.13888888888888892,0.011635132803209255
2026-02-18,KXHIGHNY-26FEB18,test_a,6,1.0,60,0.010000000000000002,0.07102499999999999,0.059042235630654326,0.07102499999999999,0.1388888888888889,0.011982764369345665
2026-02-19,KXHIGHNY-26FEB19,test_a,6,1.05,60,0.013333333333333324,0.10874527588813304,0.1083730903255955,0.108225,0.13888888888888892,0.0003721855625375414
2026-02-20,KXHIGHNY-26FEB20,test_a,6,1.04,60,0.013333333333333341,0.1668669871794872,0.18102129681989956,0.16894999999999996,0.1388888888888889,-0.014154309640412366
2026-02-21,KXHIGHNY-26FEB21,test_a,6,1.06,60,0.010000000000000004,0.10996647680075945,0.10665880913393343,0.10905833333333333,0.13888888888888892,0.003307667666826025
2026-02-22,KXHIGHNY-26FEB22,test_a,6,1.035,60,0.015000000000000005,0.07689016468684605,0.06742438816279633,0.07557083333333332,0.13888888888888892,0.009465776524049715
2026-02-23,KXHIGHNY-26FEB23,test_a,6,1.115,180,0.011666666666666664,0.10711389062049644,0.10188075448561122,0.10508750000000001,0.13888888888888892,0.0052331361348852135
2026-02-24,KXHIGHNY-26FEB24,test_a,6,1.075,540,0.025000000000000005,0.0971480079322156,0.09107120338398515,0.09532916666666669,0.13888888888888892,0.006076804548230452
2026-02-25,KXHIGHNY-26FEB25,test_a,6,1.03,120,0.009999999999999997,0.12274955226694313,0.1272181866356323,0.122925,0.13888888888888892,-0.0044686343686891755
2026-02-26,KXHIGHNY-26FEB26,test_a,6,1.05,300,0.01666666666666666,0.17957671957671958,0.18984880198013832,0.18231666666666668,0.13888888888888892,-0.01027208240341873
2026-02-27,KXHIGHNY-26FEB27,test_a,6,1.03,420,0.02999999999999999,0.13841235429038237,0.14328322840466826,0.13874166666666662,0.13888888888888892,-0.004870874114285884
2026-02-28,KXHIGHNY-26FEB28,test_a,6,1.06,60,0.013333333333333338,0.18736650053399787,0.19719974322883108,0.19142500000000004,0.13888888888888892,-0.00983324269483321
2026-03-01,KXHIGHNY-26MAR01,test_a,6,1.06,540,0.023333333333333327,0.15778895217752462,0.16717067560162777,0.15989166666666665,0.13888888888888892,-0.00938172342410315
2026-03-02,KXHIGHNY-26MAR02,test_a,6,1.02,60,0.023333333333333345,0.0990164039471998,0.09069072304655634,0.09841666666666665,0.13888888888888892,0.00832568090064345
2026-03-03,KXHIGHNY-26MAR03,test_a,6,1.055,60,0.024999999999999994,0.1418282009239086,0.1476356323914725,0.1426875,0.1388888888888889,-0.005807431467563906
2026-03-04,KXHIGHNY-26MAR04,test_a,6,0.98,60,0.013333333333333334,0.12104331528529783,0.1216580817218648,0.12118333333333332,0.13888888888888892,-0.0006147664365669797
2026-03-05,KXHIGHNY-26MAR05,test_a,6,1.01,60,0.013333333333333338,0.15812175276933635,0.16910277629935364,0.1585,0.13888888888888892,-0.010981023530017286
2026-03-06,KXHIGHNY-26MAR06,test_a,6,1.06,60,0.013333333333333338,0.09324196036549187,0.08549444469045904,0.09156666666666667,0.13888888888888892,0.007747515675032832
2026-03-07,KXHIGHNY-26MAR07,test_a,6,1.05,120,0.03333333333333333,0.14384731670445958,0.15211175306841726,0.14500833333333338,0.13888888888888892,-0.008264436363957683
2026-03-08,KXHIGHNY-26MAR08,test_a,6,1.0050000000000001,60,0.021666666666666664,0.1867445525275777,0.1945857376180854,0.18703749999999997,0.13888888888888892,-0.007841185090507685
2026-03-09,KXHIGHNY-26MAR09,test_a,6,0.9750000000000001,60,0.028333333333333332,0.16674994521148367,0.17483682318436278,0.16591250000000002,0.13888888888888892,-0.008086877972879103
2026-03-10,KXHIGHNY-26MAR10,test_a,6,0.9600000000000001,60,0.01666666666666666,0.15366391782407407,0.16254612862159787,0.1526833333333333,0.13888888888888892,-0.008882210797523798
2026-03-11,KXHIGHNY-26MAR11,test_a,6,1.055,60,0.021666666666666667,0.2007367309808854,0.21311691325471524,0.20522916666666666,0.13888888888888892,-0.012380182273829837
2026-03-12,KXHIGHNY-26MAR12,test_a,6,1.03,60,0.016666666666666673,0.1003157696295598,0.09223995999755591,0.09942500000000003,0.1388888888888889,0.008075809632003897
2026-03-13,KXHIGHNY-26MAR13,test_a,6,1.015,60,0.025000000000000005,0.1788363383403302,0.19001839599030948,0.1796291666666667,0.1388888888888889,-0.011182057649979288
2026-03-14,KXHIGHNY-26MAR14,test_a,6,1.075,60,0.015000000000000005,0.09300883360374977,0.08409319686712635,0.09067083333333333,0.13888888888888892,0.00891563673662342
2026-03-15,KXHIGHNY-26MAR15,test_a,6,1.0150000000000001,120,0.01833333333333334,0.11176361150881281,0.11038572825765926,0.11157916666666669,0.13888888888888892,0.0013778832511535527
2026-03-16,KXHIGHNY-26MAR16,test_a,6,1.045,60,0.021666666666666667,0.1627633677495173,0.16995409275598147,0.1641291666666667,0.13888888888888892,-0.0071907250064641715
2026-03-17,KXHIGHNY-26MAR17,test_a,6,1.025,60,0.01833333333333333,0.040198294665873484,0.024380535266136705,0.03858750000000001,0.1388888888888889,0.01581775939973678
2026-03-18,KXHIGHNY-26MAR18,test_a,6,0.9550000000000001,120,0.011666666666666672,0.13694800032893834,0.1410277566455775,0.1366375,0.13888888888888892,-0.004079756316639177
2026-03-19,KXHIGHNY-26MAR19,test_a,6,1.065,300,0.021666666666666678,0.10666607889381151,0.10254587778581269,0.10554583333333334,0.13888888888888892,0.004120201107998822
2026-03-20,KXHIGHNY-26MAR20,test_a,6,1.055,180,0.015000000000000001,0.12804444344616397,0.1258793061191711,0.12762083333333332,0.13888888888888892,0.002165137326992861
2026-03-21,KXHIGHNY-26MAR21,test_a,6,0.925,60,0.011666666666666667,0.11422449476503531,0.11392493577170722,0.11517083333333333,0.13888888888888892,0.00029955899332809177
2026-03-22,KXHIGHNY-26MAR22,test_a,6,1.01,420,0.013333333333333336,0.12292095546188282,0.12332716036422618,0.12285833333333333,0.13888888888888892,-0.00040620490234336004
2026-03-23,KXHIGHNY-26MAR23,test_a,6,1.03,60,0.019999999999999993,0.11446256323247556,0.11393382594440704,0.11423333333333331,0.1388888888888889,0.0005287372880685148
2026-03-24,KXHIGHNY-26MAR24,test_a,6,0.9850000000000001,60,0.015000000000000005,0.096781674353887,0.08969518056672247,0.09723750000000003,0.13888888888888892,0.007086493787164527
2026-03-25,KXHIGHNY-26MAR25,test_a,6,0.9950000000000001,360,0.015000000000000005,0.10388626549834601,0.09854017359649958,0.10400416666666672,0.13888888888888892,0.005346091901846428
2026-03-26,KXHIGHNY-26MAR26,test_a,6,1.0050000000000001,60,0.011666666666666667,0.09575670569210333,0.08762169292986804,0.09560416666666667,0.13888888888888892,0.008135012762235286
2026-03-27,KXHIGHNY-26MAR27,test_a,6,0.985,60,0.015000000000000001,0.11947400517062196,0.1180243339760992,0.11962916666666663,0.13888888888888892,0.0014496711945227586
2026-03-28,KXHIGHNY-26MAR28,test_a,6,1.0,120,0.009999999999999993,0.11915833333333335,0.12236056066993599,0.11915833333333335,0.13888888888888892,-0.0032022273366026366
2026-03-29,KXHIGHNY-26MAR29,test_a,6,1.045,60,0.015000000000000006,0.09575482856772204,0.08609994340841275,0.09425416666666668,0.13888888888888892,0.00965488515930929
2026-03-30,KXHIGHNY-26MAR30,test_a,6,1.0,60,0.01333333333333333,0.159725,0.1671783654811266,0.159725,0.13888888888888892,-0.0074533654811266
2026-03-31,KXHIGHNY-26MAR31,test_a,6,1.035,1440,0.011666666666666672,0.03646915136098081,0.023572426754931416,0.0344875,0.13888888888888892,0.012896724606049396
2026-04-01,KXHIGHNY-26APR01,test_b,6,1.05,240,0.016666666666666673,0.12767951625094484,0.13148935538109643,0.1281,0.13888888888888892,-0.0038098391301515933
2026-04-02,KXHIGHNY-26APR02,test_b,6,1.03,120,0.009999999999999993,0.1276196311308009,0.1285166392758885,0.1275916666666667,0.1388888888888889,-0.0008970081450875855
2026-04-03,KXHIGHNY-26APR03,test_b,6,1.04,300,0.01666666666666666,0.13436883629191324,0.13462774123793814,0.13433333333333328,0.13888888888888892,-0.00025890494602490155
2026-04-04,KXHIGHNY-26APR04,test_b,6,1.06,300,0.013333333333333341,0.14042660496024684,0.14319336970755617,0.14098333333333335,0.13888888888888892,-0.0027667647473093304
2026-04-05,KXHIGHNY-26APR05,test_b,6,0.99,120,0.013333333333333336,0.17517770295548074,0.18101541759713938,0.17479166666666668,0.1388888888888889,-0.005837714641658637
2026-04-06,KXHIGHNY-26APR06,test_b,6,0.965,60,0.015,0.09951050140048502,0.09196051861180345,0.10057083333333333,0.13888888888888892,0.007549982788681575
2026-04-07,KXHIGHNY-26APR07,test_b,6,1.0150000000000001,540,0.018333333333333316,0.15239389453760102,0.15785700004479958,0.1526875,0.13888888888888892,-0.005463105507198557
2026-04-08,KXHIGHNY-26APR08,test_b,6,1.03,420,0.023333333333333334,0.1102758664027398,0.10887755983036503,0.10989166666666667,0.13888888888888892,0.0013983065723747745
2026-04-09,KXHIGHNY-26APR09,test_b,6,0.935,120,0.01166666666666666,0.08744888329663415,0.07976007073638906,0.08972083333333335,0.1388888888888889,0.00768881256024509
2026-04-10,KXHIGHNY-26APR10,test_b,6,1.02,60,0.010000000000000005,0.09851179033704983,0.09055256347105006,0.09792500000000003,0.13888888888888892,0.007959226865999772
2026-04-11,KXHIGHNY-26APR11,test_b,6,0.99,180,0.016666666666666673,0.0939189878583818,0.08467174902346168,0.09426666666666667,0.13888888888888892,0.009247238834920124
2026-04-12,KXHIGHNY-26APR12,test_b,6,0.99,600,0.010000000000000005,0.11644219977553309,0.118741667166253,0.11645833333333334,0.1388888888888889,-0.0022994673907199142
2026-04-13,KXHIGHNY-26APR13,test_b,6,1.075,120,0.01833333333333333,0.14168379304128356,0.14323411078171056,0.14217083333333333,0.13888888888888892,-0.001550317740426993
2026-04-14,KXHIGHNY-26APR14,test_b,6,0.9550000000000001,360,0.015000000000000005,0.18304505541697505,0.19216801684819138,0.1806291666666667,0.13888888888888892,-0.009122961431216325
2026-04-15,KXHIGHNY-26APR15,test_b,6,1.06,240,0.01,0.11017414263676277,0.10714922695402725,0.10929166666666669,0.13888888888888892,0.003024915682735524
2026-04-16,KXHIGHNY-26APR16,test_b,6,0.995,300,0.015000000000000005,0.08663080898630506,0.07661111484169751,0.08682083333333333,0.13888888888888892,0.010019694144607544
2026-04-17,KXHIGHNY-26APR17,test_b,6,1.0350000000000001,120,0.015,0.12012726862548329,0.11837547161605776,0.1197875,0.13888888888888892,0.0017517970094255292
2026-04-18,KXHIGHNY-26APR18,test_b,6,1.025,60,0.02166666666666667,0.12572674995042635,0.12667458116760863,0.1256958333333333,0.13888888888888892,-0.0009478312171822822
2026-04-19,KXHIGHNY-26APR19,test_b,6,0.99,600,0.02333333333333333,0.06271468897731523,0.04948490545057774,0.06323333333333332,0.1388888888888889,0.013229783526737496
2026-04-20,KXHIGHNY-26APR20,test_b,6,1.045,300,0.025000000000000005,0.10625519867524402,0.11049920419173025,0.10632083333333332,0.13888888888888892,-0.004244005516486224
2026-04-21,KXHIGHNY-26APR21,test_b,6,1.04,180,0.013333333333333338,0.08856478057199212,0.08086923503644204,0.087325,0.13888888888888892,0.007695545535550075
2026-04-22,KXHIGHNY-26APR22,test_b,6,1.0450000000000002,480,0.021666666666666664,0.07921827186496036,0.07382377080920713,0.07799583333333333,0.1388888888888889,0.005394501055753231
2026-04-23,KXHIGHNY-26APR23,test_b,6,0.985,240,0.015000000000000001,0.12851829901998676,0.13190968320143495,0.12850416666666667,0.13888888888888892,-0.003391384181448187
2026-04-24,KXHIGHNY-26APR24,test_b,6,1.0350000000000001,540,0.01833333333333334,0.12274109858650921,0.12415948087951596,0.12270416666666667,0.13888888888888892,-0.0014183822930067536
2026-04-25,KXHIGHNY-26APR25,test_b,6,1.0550000000000002,1380,0.014999999999999998,0.08507595666464514,0.07725078324344317,0.08337083333333334,0.1388888888888889,0.007825173421201967
2026-04-26,KXHIGHNY-26APR26,test_b,6,0.995,120,0.018333333333333337,0.1502824002760873,0.15747641854233735,0.1501875,0.13888888888888892,-0.007194018266250046
2026-04-27,KXHIGHNY-26APR27,test_b,6,1.0550000000000002,240,0.01833333333333333,0.1128156749998128,0.10969191378530392,0.11195416666666665,0.13888888888888892,0.0031237612145088856
2026-04-28,KXHIGHNY-26APR28,test_b,6,1.025,480,0.01166666666666667,0.11748562363672417,0.12132320893259789,0.1175375,0.13888888888888892,-0.003837585295873719
2026-04-29,KXHIGHNY-26APR29,test_b,6,1.075,420,0.011666666666666667,0.15265909500630973,0.16026884214805956,0.15460416666666668,0.13888888888888892,-0.007609747141749834
2026-04-30,KXHIGHNY-26APR30,test_b,6,1.005,300,0.018333333333333337,0.14042556702391853,0.14709904191898296,0.14050416666666662,0.1388888888888889,-0.006673474895064424
2026-05-01,KXHIGHNY-26MAY01,test_b,6,1.015,720,0.014999999999999984,0.0936041479612059,0.0864417654312163,0.09317083333333333,0.13888888888888892,0.007162382529989603
2026-05-03,KXHIGHNY-26MAY03,test_b,6,1.03,540,0.01999999999999999,0.09968737235680399,0.0952749827024426,0.09910833333333331,0.13888888888888892,0.004412389654361387
2026-05-04,KXHIGHNY-26MAY04,test_b,6,1.02,480,0.04,0.07963283352556708,0.0695586416044789,0.07884999999999999,0.13888888888888892,0.010074191921088174
2026-05-05,KXHIGHNY-26MAY05,test_b,6,0.9950000000000001,300,0.03833333333333334,0.07017499558091968,0.0565754718641221,0.07042916666666665,0.13888888888888892,0.013599523716797575
2026-05-06,KXHIGHNY-26MAY06,test_b,6,1.0,1680,0.01999999999999999,0.12002500000000003,0.12425116487683258,0.12002500000000003,0.13888888888888892,-0.004226164876832542
2026-05-07,KXHIGHNY-26MAY07,test_b,6,1.03,300,0.013333333333333334,0.13001539573318252,0.13292942976642844,0.13018333333333335,0.13888888888888892,-0.002914034033245916
2026-05-08,KXHIGHNY-26MAY08,test_b,6,1.03,840,0.013333333333333336,0.09802211958400099,0.09501132566320213,0.09749166666666666,0.1388888888888889,0.0030107939207988654
2026-05-09,KXHIGHNY-26MAY09,test_b,6,0.9800000000000001,480,0.01666666666666666,0.18740455365819794,0.1973374927292667,0.18611666666666662,0.13888888888888892,-0.009932939071068764
2026-05-10,KXHIGHNY-26MAY10,test_b,6,1.02,600,0.009999999999999993,0.16880526720492117,0.1799251528871895,0.16965833333333333,0.13888888888888892,-0.011119885682268321
2026-05-11,KXHIGHNY-26MAY11,test_b,6,1.085,60,0.011666666666666672,0.13248670956415867,0.13412858268370617,0.1328041666666667,0.1388888888888889,-0.001641873119547499
2026-05-12,KXHIGHNY-26MAY12,test_b,6,1.045,60,0.014999999999999984,0.07125905237212213,0.060021383608541624,0.06937916666666666,0.13888888888888892,0.011237668763580504
2026-05-13,KXHIGHNY-26MAY13,test_b,6,0.99,300,0.016666666666666673,0.17371526714961052,0.18409784987601907,0.17325833333333332,0.13888888888888892,-0.010382582726408546
2026-05-14,KXHIGHNY-26MAY14,test_b,6,1.0050000000000001,60,0.018333333333333337,0.10326477067399324,0.09533020397829896,0.10312083333333334,0.13888888888888892,0.007934566695694284
2026-05-15,KXHIGHNY-26MAY15,test_b,6,0.9750000000000001,240,0.018333333333333344,0.0829278983125137,0.07282644592299194,0.0839375,0.13888888888888892,0.010101452389521759
2026-05-16,KXHIGHNY-26MAY16,test_b,6,0.97,120,0.016666666666666663,0.12925567718850745,0.13293393626279945,0.1292166666666667,0.13888888888888892,-0.0036782590742920063
2026-05-17,KXHIGHNY-26MAY17,test_b,6,0.9500000000000001,240,0.01,0.08892890120036934,0.07896591539882898,0.09092500000000002,0.13888888888888892,0.009962985801540356
2026-05-18,KXHIGHNY-26MAY18,test_b,6,1.0350000000000001,540,0.011666666666666672,0.053848008899468676,0.04093730010962785,0.05205416666666666,0.13888888888888892,0.012910708789840825
2026-05-19,KXHIGHNY-26MAY19,test_b,6,1.0450000000000002,120,0.018333333333333337,0.12780537686103038,0.13302157987771876,0.12835416666666666,0.13888888888888892,-0.0052162030166883755
2026-05-20,KXHIGHNY-26MAY20,test_b,6,1.06,240,0.016666666666666677,0.10843123294173491,0.10675692131327742,0.1076333333333333,0.13888888888888892,0.0016743116284574922
2026-05-21,KXHIGHNY-26MAY21,test_b,6,0.985,600,0.011666666666666674,0.09784671940357477,0.09277810772537637,0.09822083333333335,0.1388888888888889,0.005068611678198401
2026-05-22,KXHIGHNY-26MAY22,test_b,6,1.0150000000000001,1320,0.011666666666666659,0.12071796614008268,0.12465797217717917,0.12070416666666668,0.13888888888888892,-0.0039400060370964884
2026-05-23,KXHIGHNY-26MAY23,test_b,6,0.9600000000000001,240,0.01333333333333333,0.0920771846064815,0.08415715057803731,0.09345833333333335,0.13888888888888892,0.007920034028444184
2026-05-24,KXHIGHNY-26MAY24,test_b,6,1.035,840,0.011666666666666665,0.024792488350564388,0.013877444881378154,0.022854166666666672,0.1388888888888889,0.010915043469186234
2026-05-25,KXHIGHNY-26MAY25,test_b,6,1.015,540,0.02833333333333334,0.10695883585300946,0.10386351232470702,0.10670416666666664,0.13888888888888892,0.0030953235283024405
2026-05-26,KXHIGHNY-26MAY26,test_b,6,1.045,1320,0.014999999999999984,0.08201124821623434,0.07405054060662025,0.08052083333333333,0.13888888888888892,0.007960707609614093
2026-05-27,KXHIGHNY-26MAY27,test_b,6,0.9950000000000001,300,0.018333333333333333,0.19463313215996225,0.2138373715490914,0.19418749999999999,0.13888888888888892,-0.019204239389129157
2026-05-28,KXHIGHNY-26MAY28,test_b,6,1.01,1320,0.01666666666666667,0.05589321308368461,0.044646249545066914,0.05541666666666666,0.1388888888888889,0.011246963538617698
2026-05-29,KXHIGHNY-26MAY29,test_b,6,1.025,480,0.02833333333333334,0.07274241522903035,0.06515859599963635,0.07190416666666667,0.1388888888888889,0.007583819229394009
2026-05-30,KXHIGHNY-26MAY30,test_b,6,1.005,240,0.015000000000000001,0.12369330792142108,0.13373518414161698,0.12377083333333334,0.13888888888888892,-0.010041876220195894
2026-05-31,KXHIGHNY-26MAY31,test_b,6,0.96,1200,0.020000000000000004,0.06559244791666667,0.05213255591243105,0.06771666666666665,0.13888888888888892,0.01345989200423562
2026-06-01,KXHIGHNY-26JUN01,test_b,6,0.97,1320,0.013333333333333336,0.10836256066886317,0.10867349476805473,0.10875833333333333,0.13888888888888892,-0.00031093409919155657
2026-06-02,KXHIGHNY-26JUN02,test_b,6,0.9400000000000001,300,0.016666666666666666,0.07056360344047079,0.05826559776318566,0.07354999999999999,0.13888888888888892,0.012298005677285125
2026-06-03,KXHIGHNY-26JUN03,test_b,6,0.98,420,0.026666666666666672,0.13179404414827156,0.1444149535682968,0.131375,0.13888888888888892,-0.01262090942002525
2026-06-04,KXHIGHNY-26JUN04,test_b,6,0.97,240,0.02333333333333334,0.052281503524993805,0.03736046094971047,0.054091666666666656,0.13888888888888892,0.014921042575283337
2026-06-05,KXHIGHNY-26JUN05,test_b,6,1.035,360,0.015000000000000005,0.1599259414844376,0.17228926981576317,0.1614875,0.13888888888888892,-0.012363328331325585
2026-06-06,KXHIGHNY-26JUN06,test_b,6,0.895,60,0.02833333333333334,0.20169990532962975,0.21369632548631615,0.19315416666666665,0.13888888888888892,-0.011996420156686394
2026-06-07,KXHIGHNY-26JUN07,test_b,6,1.0,360,0.02,0.02585833333333333,0.015178237531914421,0.02585833333333333,0.1388888888888889,0.01068009580141891
2026-06-08,KXHIGHNY-26JUN08,test_b,6,1.045,420,0.018333333333333337,0.11552696443152248,0.11888071546976309,0.1154708333333333,0.13888888888888892,-0.003353751038240607
2026-06-09,KXHIGHNY-26JUN09,test_b,6,0.985,360,0.021666666666666667,0.14531852577151347,0.15790855255226457,0.14492916666666664,0.13888888888888892,-0.012590026780751107
2026-06-10,KXHIGHNY-26JUN10,test_b,6,1.005,180,0.025000000000000005,0.14079684496258343,0.1467509673553615,0.14086249999999997,0.13888888888888892,-0.005954122392778066
2026-06-11,KXHIGHNY-26JUN11,test_b,6,0.9700000000000001,180,0.016666666666666653,0.10706947249087752,0.10192818480962634,0.10779166666666666,0.13888888888888892,0.005141287681251175
2026-06-12,KXHIGHNY-26JUN12,test_b,6,0.98,540,0.013333333333333336,0.1569658475635152,0.1670602428541492,0.15635,0.13888888888888892,-0.010094395290633995
2026-06-13,KXHIGHNY-26JUN13,test_b,6,1.05,180,0.013333333333333334,0.17788359788359787,0.19500982740519415,0.18153333333333332,0.1388888888888889,-0.017126229521596287
2026-06-14,KXHIGHNY-26JUN14,test_b,6,0.995,240,0.021666666666666667,0.09011556947215137,0.08383803347003525,0.09026250000000001,0.13888888888888892,0.006277536002116113
2026-06-15,KXHIGHNY-26JUN15,test_b,6,0.9450000000000001,1740,0.055000000000000014,0.11450780586583054,0.11325745786104519,0.11532083333333333,0.1388888888888889,0.001250348004785351
2026-06-16,KXHIGHNY-26JUN16,test_b,6,1.02,120,0.013333333333333338,0.08499935922081253,0.07713409668816351,0.08433333333333333,0.13888888888888892,0.00786526253264902
2026-06-17,KXHIGHNY-26JUN17,test_b,6,1.065,120,0.03833333333333334,0.15765537408068656,0.1689842627293028,0.1602375,0.13888888888888892,-0.011328888648616253
2026-06-18,KXHIGHNY-26JUN18,test_b,6,0.985,600,0.011666666666666672,0.10380753605263383,0.09750303455083105,0.1042041666666667,0.13888888888888892,0.006304501501802784
2026-06-19,KXHIGHNY-26JUN19,test_b,6,1.075,540,0.01833333333333333,0.09947719488011537,0.09780988938206858,0.09852083333333334,0.13888888888888892,0.0016673054980467922
2026-06-20,KXHIGHNY-26JUN20,test_b,6,1.0250000000000001,480,0.028333333333333335,0.03655760460043626,0.026496618648855465,0.035387499999999995,0.1388888888888889,0.010060985951580791
2026-06-21,KXHIGHNY-26JUN21,test_b,6,0.945,540,0.01166666666666667,0.13741683230219381,0.14658598609774895,0.13642083333333335,0.13888888888888892,-0.009169153795555135
2026-06-22,KXHIGHNY-26JUN22,test_b,6,0.99,60,0.030000000000000016,0.147119341563786,0.15498350993664708,0.1469083333333334,0.13888888888888892,-0.00786416837286108
2026-06-23,KXHIGHNY-26JUN23,test_b,6,1.045,300,0.015000000000000001,0.006715352975740783,0.002136818676028242,0.004970833333333333,0.1388888888888889,0.004578534299712542
2026-06-24,KXHIGHNY-26JUN24,test_b,6,1.07,360,0.010000000000000002,0.14023786648033307,0.15694809140685925,0.143525,0.13888888888888892,-0.016710224926526185
2026-06-25,KXHIGHNY-26JUN25,test_b,6,0.9700000000000001,180,0.009999999999999993,0.11087788287809541,0.10937813254597713,0.111325,0.13888888888888892,0.0014997503321182853
2026-06-26,KXHIGHNY-26JUN26,test_b,6,0.97,360,0.013333333333333329,0.20397137492471748,0.2153380688161088,0.20146666666666668,0.1388888888888889,-0.011366693891391333
2026-06-27,KXHIGHNY-26JUN27,test_b,6,1.025,300,0.018333333333333333,0.14589728336307753,0.1547275056743093,0.1466375,0.13888888888888892,-0.008830222311231761
2026-06-28,KXHIGHNY-26JUN28,test_b,6,1.06,360,0.016666666666666673,0.10276492227364424,0.0969209930721532,0.1013666666666667,0.13888888888888892,0.005843929201491044
2026-06-29,KXHIGHNY-26JUN29,test_b,6,1.0350000000000001,120,0.021666666666666654,0.1499295977346807,0.15999608416445188,0.1510125,0.13888888888888892,-0.010066486429771176
2026-06-30,KXHIGHNY-26JUN30,test_b,6,1.045,240,0.01166666666666667,0.0714727226940775,0.05967284630908901,0.06953749999999999,0.13888888888888892,0.011799876384988493
